country,date,financial_cycle,business_cycle,fc_peak,fc_trough
AU,1922-04-01,NA,-5.062466557499639e-4,NA,NA
AU,1922-07-01,NA,-8.280506952396338e-4,NA,NA
AU,1922-10-01,NA,-0.0012485125901539804,NA,NA
AU,1923-01-01,NA,-0.001662513079194657,NA,NA
AU,1923-04-01,NA,-0.0016975767583780488,NA,NA
AU,1923-07-01,NA,-0.0012177157308558431,NA,NA
AU,1923-10-01,NA,-5.146238932682009e-4,NA,NA
AU,1924-01-01,NA,8.23533294174192e-5,NA,NA
AU,1924-04-01,NA,6.416742348846152e-4,NA,NA
AU,1924-07-01,NA,0.0015066531365801202,NA,NA
AU,1924-10-01,NA,0.0027804430471589283,NA,NA
AU,1925-01-01,NA,0.004132050196042268,NA,NA
AU,1925-04-01,NA,0.005197942600716838,NA,NA
AU,1925-07-01,NA,0.006029271836842093,NA,NA
AU,1925-10-01,NA,0.006965893508597522,NA,NA
AU,1926-01-01,NA,0.008108622881227892,NA,NA
AU,1926-04-01,NA,0.009121243699192531,NA,NA
AU,1926-07-01,NA,0.009643027282666378,NA,NA
AU,1926-10-01,NA,0.009746808296913302,NA,NA
AU,1927-01-01,NA,0.009808174801503235,NA,NA
AU,1927-04-01,NA,0.009962803371845554,NA,NA
AU,1927-07-01,NA,0.009902917389034595,NA,NA
AU,1927-10-01,NA,0.009300038018496512,NA,NA
AU,1928-01-01,NA,0.008273234583171881,NA,NA
AU,1928-04-01,NA,0.00725211404749518,NA,NA
AU,1928-07-01,NA,0.0064177089732775,NA,NA
AU,1928-10-01,NA,0.005492803081126322,NA,NA
AU,1929-01-01,NA,0.004175450391791231,NA,NA
AU,1929-04-01,NA,0.0026180540750990367,NA,NA
AU,1929-07-01,NA,0.001284141995378406,NA,NA
AU,1929-10-01,NA,3.726767573901833e-4,NA,NA
AU,1930-01-01,NA,-3.968620270004651e-4,NA,NA
AU,1930-04-01,NA,-0.001338177261220105,NA,NA
AU,1930-07-01,NA,-0.0023062708551939894,NA,NA
AU,1930-10-01,NA,-0.0028458282316517285,NA,NA
AU,1931-01-01,NA,-0.0027827692165628393,NA,NA
AU,1931-04-01,NA,-0.0024428265119089874,NA,NA
AU,1931-07-01,NA,-0.002189962284868411,NA,NA
AU,1931-10-01,NA,-0.0019195603370195412,NA,NA
AU,1932-01-01,NA,-0.001211178890959975,NA,NA
AU,1932-04-01,NA,6.418603563448896e-5,NA,NA
AU,1932-07-01,NA,0.0015226990269446078,NA,NA
AU,1932-10-01,NA,0.002746127647348767,NA,NA
AU,1933-01-01,NA,0.0038044833334097534,NA,NA
AU,1933-04-01,NA,0.005098184955232859,NA,NA
AU,1933-07-01,NA,0.006733594446999212,NA,NA
AU,1933-10-01,NA,0.008298049927176854,NA,NA
AU,1934-01-01,NA,0.009355239868229585,NA,NA
AU,1934-04-01,NA,0.009983057213318665,NA,NA
AU,1934-07-01,NA,0.010608412607786956,NA,NA
AU,1934-10-01,NA,0.011362701239172497,NA,NA
AU,1935-01-01,NA,0.01185151906745078,NA,NA
AU,1935-04-01,NA,0.011666389044256728,NA,NA
AU,1935-07-01,NA,0.010936755208508463,NA,NA
AU,1935-10-01,NA,0.010154888470045741,NA,NA
AU,1936-01-01,NA,0.009508467970827527,NA,NA
AU,1936-04-01,NA,0.008643786814812386,NA,NA
AU,1936-07-01,NA,0.007194225508593884,NA,NA
AU,1936-10-01,NA,0.0053464525194999914,NA,NA
AU,1937-01-01,NA,0.0036540734332868854,NA,NA
AU,1937-04-01,NA,0.002345943898010646,NA,NA
AU,1937-07-01,NA,0.0010834652019951882,NA,NA
AU,1937-10-01,NA,-4.918106529367478e-4,NA,NA
AU,1938-01-01,NA,-0.002175858153868942,NA,NA
AU,1938-04-01,NA,-0.00339955074654604,NA,NA
AU,1938-07-01,NA,-0.003944493984254898,NA,NA
AU,1938-10-01,NA,-0.004189458841790441,NA,NA
AU,1939-01-01,NA,-0.004539800318175797,NA,NA
AU,1939-04-01,NA,-0.004826129201134812,NA,NA
AU,1939-07-01,NA,-0.00451208772030933,NA,NA
AU,1939-10-01,NA,-0.0034341184262924175,NA,NA
AU,1940-01-01,NA,-0.0020494152496470814,NA,NA
AU,1940-04-01,NA,-8.387372810435939e-4,NA,NA
AU,1940-07-01,NA,3.159681713556006e-4,NA,NA
AU,1940-10-01,NA,0.0019125276090298342,NA,NA
AU,1941-01-01,NA,0.004063370932224954,NA,NA
AU,1941-04-01,NA,0.006246743174869398,NA,NA
AU,1941-07-01,NA,0.007932546651917624,NA,NA
AU,1941-10-01,NA,0.009225776241024141,NA,NA
AU,1942-01-01,NA,0.010632922826789072,NA,NA
AU,1942-04-01,NA,0.012267682323471914,NA,NA
AU,1942-07-01,NA,0.013600360719147017,NA,NA
AU,1942-10-01,NA,0.014113103696641146,NA,NA
AU,1943-01-01,NA,0.013962885111573982,NA,NA
AU,1943-04-01,NA,0.013728415027701385,NA,NA
AU,1943-07-01,NA,0.013581952545593573,NA,NA
AU,1943-10-01,NA,0.013035901621223724,NA,NA
AU,1944-01-01,NA,0.011628693897437571,NA,NA
AU,1944-04-01,NA,0.009606185747576972,NA,NA
AU,1944-07-01,NA,0.007644372470835062,NA,NA
AU,1944-10-01,NA,0.005983489826711006,NA,NA
AU,1945-01-01,NA,0.00417292042847404,NA,NA
AU,1945-04-01,NA,0.0017915587963120451,NA,NA
AU,1945-07-01,NA,-8.515458523669658e-4,NA,NA
AU,1945-10-01,NA,-0.0030219000029555122,NA,NA
AU,1946-01-01,NA,-0.004464956422985915,NA,NA
AU,1946-04-01,NA,-0.005658687222527603,NA,NA
AU,1946-07-01,NA,-0.0070517936296873125,NA,NA
AU,1946-10-01,NA,-0.008341176802345236,NA,NA
AU,1947-01-01,NA,-0.008806616616295315,NA,NA
AU,1947-04-01,NA,-0.008256348154375348,NA,NA
AU,1947-07-01,NA,-0.007270777538216855,NA,NA
AU,1947-10-01,NA,-0.006390564408807654,NA,NA
AU,1948-01-01,NA,-0.00536987287888504,NA,NA
AU,1948-04-01,NA,-0.0035454637524341523,NA,NA
AU,1948-07-01,NA,-8.244224066027076e-4,NA,NA
AU,1948-10-01,NA,0.0020875633086629946,NA,NA
AU,1949-01-01,NA,0.004556748128350738,NA,NA
AU,1949-04-01,NA,0.006791751790956179,NA,NA
AU,1949-07-01,NA,0.009430956784084508,NA,NA
AU,1949-10-01,NA,0.012507514387371473,NA,NA
AU,1950-01-01,NA,0.015242622229440702,NA,NA
AU,1950-04-01,NA,0.01698250165027499,NA,NA
AU,1950-07-01,NA,0.01798787928913062,NA,NA
AU,1950-10-01,NA,0.01896286437594479,NA,NA
AU,1951-01-01,NA,0.019964655639283162,NA,NA
AU,1951-04-01,NA,0.020226079637301404,NA,NA
AU,1951-07-01,NA,0.019168284990405876,NA,NA
AU,1951-10-01,NA,0.017201323204416512,NA,NA
AU,1952-01-01,NA,0.015173815301778927,NA,NA
AU,1952-04-01,NA,0.01321868944261624,NA,NA
AU,1952-07-01,NA,0.010619038908089089,NA,NA
AU,1952-10-01,NA,0.006911564771333787,NA,NA
AU,1953-01-01,NA,0.0026879819634515996,NA,NA
AU,1953-04-01,NA,-0.0010613712931086831,NA,NA
AU,1953-07-01,NA,-0.004172532360099345,NA,NA
AU,1953-10-01,NA,-0.007371959957534486,NA,NA
AU,1954-01-01,NA,-0.011056758898905183,NA,NA
AU,1954-04-01,NA,-0.014506759581031554,NA,NA
AU,1954-07-01,NA,-0.016684864273077894,NA,NA
AU,1954-10-01,NA,-0.017536920382782643,NA,NA
AU,1955-01-01,NA,-0.017938022033491766,NA,NA
AU,1955-04-01,NA,-0.01831511539424999,NA,NA
AU,1955-07-01,NA,-0.017898782549015307,NA,NA
AU,1955-10-01,NA,-0.015730618427508808,NA,NA
AU,1956-01-01,NA,-0.012041171077912798,NA,NA
AU,1956-04-01,NA,-0.00799456081385703,NA,NA
AU,1956-07-01,NA,-0.004086378287679773,NA,NA
AU,1956-10-01,NA,5.07995425652314e-4,NA,NA
AU,1957-01-01,NA,0.006597275703478505,NA,NA
AU,1957-04-01,NA,0.013512841036111138,NA,NA
AU,1957-07-01,NA,0.019728263829721142,NA,NA
AU,1957-10-01,NA,0.024811963732947216,NA,NA
AU,1958-01-01,NA,0.0298510775166721,NA,NA
AU,1958-04-01,NA,0.03551387535653229,NA,NA
AU,1958-07-01,NA,0.040486865754584926,NA,NA
AU,1958-10-01,NA,0.04284089086218084,NA,NA
AU,1959-01-01,NA,0.04265947695068967,NA,NA
AU,1959-04-01,NA,0.041906022168420286,NA,NA
AU,1959-07-01,NA,0.04108078182229594,NA,NA
AU,1959-10-01,NA,0.03737270990829103,NA,NA
AU,1960-01-01,NA,0.027986432307403022,NA,NA
AU,1960-04-01,NA,0.015094614914345791,NA,NA
AU,1960-07-01,NA,0.004926763906474079,NA,NA
AU,1960-10-01,NA,-1.3942863096669077e-4,NA,NA
AU,1961-01-01,NA,-0.0074046969563755175,NA,NA
AU,1961-04-01,NA,-0.028169673274981984,NA,NA
AU,1961-07-01,NA,-0.0638724070961572,NA,NA
AU,1961-10-01,NA,-0.09917622281136056,NA,NA
AU,1962-01-01,NA,-0.11229252294720204,NA,NA
AU,1962-04-01,NA,-0.09429761818549987,NA,NA
AU,1962-07-01,NA,-0.05771128058839313,NA,NA
AU,1962-10-01,NA,-0.024741641719419376,NA,NA
AU,1963-01-01,NA,-0.00721335774103332,NA,NA
AU,1963-04-01,NA,0.0010964462845869053,NA,NA
AU,1963-07-01,NA,0.013252318670257852,NA,NA
AU,1963-10-01,NA,0.033323273272556526,NA,NA
AU,1964-01-01,NA,0.05360769963537544,NA,NA
AU,1964-04-01,NA,0.06593666458230635,NA,NA
AU,1964-07-01,NA,0.07184088369167396,NA,NA
AU,1964-10-01,NA,0.07930379465703727,NA,NA
AU,1965-01-01,NA,0.09087812683718016,NA,NA
AU,1965-04-01,NA,0.09796175479728049,NA,NA
AU,1965-07-01,NA,0.0880290876044874,NA,NA
AU,1965-10-01,NA,0.05671887032911853,NA,NA
AU,1966-01-01,NA,0.012541342275717888,NA,NA
AU,1966-04-01,NA,-0.0287523637079917,NA,NA
AU,1966-07-01,NA,-0.053366377391485906,NA,NA
AU,1966-10-01,NA,-0.05553264555927624,NA,NA
AU,1967-01-01,NA,-0.039516606301876214,NA,NA
AU,1967-04-01,NA,-0.018450336382121946,NA,NA
AU,1967-07-01,NA,-0.008537017871177369,NA,NA
AU,1967-10-01,NA,-0.01859671811577201,NA,NA
AU,1968-01-01,NA,-0.04189583362557094,NA,NA
AU,1968-04-01,NA,-0.05985800874192571,NA,NA
AU,1968-07-01,NA,-0.05760239430546281,NA,NA
AU,1968-10-01,NA,-0.037453471259069164,NA,NA
AU,1969-01-01,NA,-0.015905250368887326,NA,NA
AU,1969-04-01,NA,-0.006146697286035856,NA,NA
AU,1969-07-01,NA,-0.004667904093920213,NA,NA
AU,1969-10-01,NA,0.0032078683794828393,NA,NA
AU,1970-01-01,-0.1690296944933769,0.025087048077568792,NA,NA
AU,1970-04-01,-0.1667608765024137,0.05130469655193207,NA,NA
AU,1970-07-01,-0.16077001188661266,0.06431235623517928,NA,NA
AU,1970-10-01,-0.15117324707688418,0.05688100751318245,NA,regular
AU,1971-01-01,-0.1381773313326979,0.038839497023539823,NA,NA
AU,1971-04-01,-0.12207459292560438,0.02579591158969464,NA,NA
AU,1971-07-01,-0.10323537606344572,0.023354988068920297,NA,NA
AU,1971-10-01,-0.08209816368861021,0.02370396366857253,NA,NA
AU,1972-01-01,-0.05915768682784177,0.016121409106234844,NA,NA
AU,1972-04-01,-0.03495138701675002,-0.0016372391948252716,NA,NA
AU,1972-07-01,-0.010044652185582176,-0.022153268959779003,NA,NA
AU,1972-10-01,0.014984713609389272,-0.035427762711669523,NA,NA
AU,1973-01-01,0.03956230150738449,-0.03522016606853197,NA,NA
AU,1973-04-01,0.0631326965741422,-0.02061144497347169,NA,NA
AU,1973-07-01,0.08517437827220642,0.004176827905443881,NA,NA
AU,1973-10-01,0.10521346125867365,0.029579778145921012,NA,NA
AU,1974-01-01,0.12283585484792253,0.043193114710485106,NA,NA
AU,1974-04-01,0.13769747338279498,0.03722899077348348,NA,NA
AU,1974-07-01,0.14953219599015471,0.01562223328394381,NA,NA
AU,1974-10-01,0.15815735049137797,-0.007736193312103871,NA,NA
AU,1975-01-01,0.1634765799738212,-0.020090832106275172,regular,NA
AU,1975-04-01,0.16548003881766793,-0.019749656363879476,NA,NA
AU,1975-07-01,0.16424195475919545,-0.01461166234617197,NA,NA
AU,1975-10-01,0.1599156817418258,-0.011521210054530053,NA,NA
AU,1976-01-01,0.15272645179491667,-0.008816503104231582,NA,NA
AU,1976-04-01,0.14296211007890353,-6.288034554570133e-5,NA,NA
AU,1976-07-01,0.130962182896197,0.01639176634338328,NA,NA
AU,1976-10-01,0.11710568159684981,0.033538152655767636,NA,NA
AU,1977-01-01,0.10179808405004864,0.0413632617624773,NA,NA
AU,1977-04-01,0.08545795835473796,0.034935959777156265,NA,NA
AU,1977-07-01,0.06850369992683339,0.016706335066330562,NA,NA
AU,1977-10-01,0.051340842812506726,-0.006961821661301953,NA,NA
AU,1978-01-01,0.034350379416973525,-0.02923191361425635,NA,NA
AU,1978-04-01,0.017878480769038307,-0.043602121573175286,NA,NA
AU,1978-07-01,0.002227953477233452,-0.04505283844854113,NA,NA
AU,1978-10-01,-0.01234829831308562,-0.033513121904257585,NA,NA
AU,1979-01-01,-0.02565161493802956,-0.015880310595725877,NA,NA
AU,1979-04-01,-0.03753962012289552,-0.0019868246500387315,NA,NA
AU,1979-07-01,-0.04792593724940446,0.0031340544298035533,NA,NA
AU,1979-10-01,-0.05677765145398707,0.0026067321473012077,NA,NA
AU,1980-01-01,-0.06411067127604253,0.0028615309068310154,NA,NA
AU,1980-04-01,-0.06998322295668818,0.006508749079141819,NA,NA
AU,1980-07-01,-0.0744877810920303,0.011516488026622577,NA,NA
AU,1980-10-01,-0.07774179856281664,0.016872481676739173,NA,NA
AU,1981-01-01,-0.07987764428655746,0.026259776811486002,NA,NA
AU,1981-04-01,-0.08103218764180027,0.043918831943818536,NA,NA
AU,1981-07-01,-0.08133648221569899,0.0675035945884251,NA,NA
AU,1981-10-01,-0.08090599823480783,0.08723120818586615,NA,NA
AU,1982-01-01,-0.07983183268034844,0.09284903163235046,NA,NA
AU,1982-04-01,-0.07817328930685034,0.0802344255474551,NA,NA
AU,1982-07-01,-0.07595216882035309,0.05082265358645151,NA,NA
AU,1982-10-01,-0.073149044131447,0.00742827061065713,NA,NA
AU,1983-01-01,-0.0697017191795598,-0.04530982623938467,NA,NA
AU,1983-04-01,-0.06550598504744405,-0.09578460728010658,NA,NA
AU,1983-07-01,-0.0604186969928836,-0.12533572609336963,NA,NA
AU,1983-10-01,-0.054263103880463195,-0.11940319137444763,NA,NA
AU,1984-01-01,-0.04683627066510272,-0.08130797574610579,NA,NA
AU,1984-04-01,-0.037918348409693575,-0.0327979137488397,NA,NA
AU,1984-07-01,-0.02728336802396525,0.0025494339736516305,NA,NA
AU,1984-10-01,-0.014711166450818353,0.01788869350865354,NA,NA
AU,1985-01-01,0,0.024926427504629464,NA,NA
AU,1985-04-01,0.017020638918342573,0.03777773877479238,NA,NA
AU,1985-07-01,0.036477506667562415,0.05665041238513022,NA,NA
AU,1985-10-01,0.058441902935123996,0.06814298439421061,NA,NA
AU,1986-01-01,0.08291926752192541,0.05991966539175961,NA,NA
AU,1986-04-01,0.10984053814284028,0.032914280385596587,NA,NA
AU,1986-07-01,0.1390556768802625,-4.395498631511784e-4,NA,NA
AU,1986-10-01,0.1703297060282593,-0.026942402518739462,NA,NA
AU,1987-01-01,0.2033415135323408,-0.039867981875175214,NA,NA
AU,1987-04-01,0.23768559672080436,-0.03826844111723293,NA,NA
AU,1987-07-01,0.27287681360841537,-0.024305047532877724,NA,NA
AU,1987-10-01,0.30835810711640377,-0.003802165499688858,NA,NA
AU,1988-01-01,0.3435110626773621,0.013261843220889294,NA,NA
AU,1988-04-01,0.3776690575373056,0.01791458232274495,NA,NA
AU,1988-07-01,0.4101326642349561,0.010455316712402442,NA,NA
AU,1988-10-01,0.44018688465633926,0.002181405829830831,NA,NA
AU,1989-01-01,0.4671197178569685,0.006153754518482913,NA,NA
AU,1989-04-01,0.49024150722854176,0.025148566568880804,NA,NA
AU,1989-07-01,0.5089044727667565,0.04921478295532273,NA,NA
AU,1989-10-01,0.5225218137854396,0.06512697115102438,weak,NA
AU,1990-01-01,0.530585767381761,0.06723582072507128,NA,NA
AU,1990-04-01,0.5326840285593017,0.05883285992020448,NA,NA
AU,1990-07-01,0.5285139787257922,0.04488510675788624,NA,NA
AU,1990-10-01,0.5178942291693719,0.026188661585651123,NA,NA
AU,1991-01-01,0.5007730632868709,0.0012688112774119351,NA,NA
AU,1991-04-01,0.4772334533886402,-0.028127916938575297,NA,NA
AU,1991-07-01,0.447494431906591,-0.055779329360271204,NA,NA
AU,1991-10-01,0.41190870942253255,-0.07520017266912102,NA,NA
AU,1992-01-01,0.37095654942937784,-0.08350984407567623,NA,NA
AU,1992-04-01,0.32523602825823816,-0.08078327766523646,NA,NA
AU,1992-07-01,0.27544992420434544,-0.06763689080782512,NA,NA
AU,1992-10-01,0.22238958868716885,-0.04575259965010411,NA,NA
AU,1993-01-01,0.16691625060940518,-0.020441861051610846,NA,NA
AU,1993-04-01,0.10994028958764818,2.8213747595581226e-4,NA,NA
AU,1993-07-01,0.05239908150981662,0.011801195486491703,NA,NA
AU,1993-10-01,-0.004765931429250442,0.0179156314747203,NA,NA
AU,1994-01-01,-0.060632266184795114,0.027625702569987032,NA,NA
AU,1994-04-01,-0.11431883376621482,0.045375171830200074,NA,NA
AU,1994-07-01,-0.1650071137028511,0.06495831517624191,NA,NA
AU,1994-10-01,-0.21196043609559553,0.07446561300455891,NA,NA
AU,1995-01-01,-0.2545407977792523,0.06776321777491316,NA,NA
AU,1995-04-01,-0.2922227163604092,0.050520181448263604,NA,NA
AU,1995-07-01,-0.324603719387535,0.034485626682088814,NA,NA
AU,1995-10-01,-0.3514111726147624,0.026263036326837564,NA,NA
AU,1996-01-01,-0.3725052677472932,0.022283633046412635,NA,NA
AU,1996-04-01,-0.38787811237847536,0.014477283929114772,NA,regular
AU,1996-07-01,-0.3976489890134064,-2.0317258355068043e-4,NA,NA
AU,1996-10-01,-0.40205597201727483,-0.01647291588947904,NA,NA
AU,1997-01-01,-0.40144420699151384,-0.02629159012036757,NA,NA
AU,1997-04-01,-0.39625126263358423,-0.02676687016405232,NA,NA
AU,1997-07-01,-0.38699005707629774,-0.02230019303062173,NA,NA
AU,1997-10-01,-0.3742299359811242,-0.019533808191495815,NA,NA
AU,1998-01-01,-0.3585765357830464,-0.020821268730259707,NA,NA
AU,1998-04-01,-0.34065110059810133,-0.0226575714888765,NA,NA
AU,1998-07-01,-0.32106993425746577,-0.020001259698388073,NA,NA
AU,1998-10-01,-0.3004246593146147,-0.011681531708961683,NA,NA
AU,1999-01-01,-0.27926392303177744,-0.0014899275859258162,NA,NA
AU,1999-04-01,-0.2580771373805455,0.0058110689924523,NA,NA
AU,1999-07-01,-0.23728076778902038,0.009190973046730885,NA,NA
AU,1999-10-01,-0.21720759618170762,0.01175495810351094,NA,NA
AU,2000-01-01,-0.19809928080053052,0.016371502062424784,NA,NA
AU,2000-04-01,-0.18010242184089614,0.02126920092338766,NA,NA
AU,2000-07-01,-0.16326822190624746,0.020746503888078544,NA,NA
AU,2000-10-01,-0.14755570771501578,0.010898646922650374,NA,NA
AU,2001-01-01,-0.13283835850253875,-0.005315447307870983,NA,NA
AU,2001-04-01,-0.11891387120579588,-0.019127914209639205,NA,NA
AU,2001-07-01,-0.10551668666367273,-0.022493234964714292,NA,NA
AU,2001-10-01,-0.09233280824732494,-0.01395484577782902,NA,NA
AU,2002-01-01,-0.07901636764715743,0.0012445929575671728,NA,NA
AU,2002-04-01,-0.06520733453010781,0.015799231438210576,NA,NA
AU,2002-07-01,-0.05054972935562517,0.024651586651958168,NA,NA
AU,2002-10-01,-0.03470968301708019,0.025994369928190215,NA,NA
AU,2003-01-01,-0.017392693637594214,0.020571363568941174,NA,NA
AU,2003-04-01,0.0016405404748654207,0.011742266013427129,NA,NA
AU,2003-07-01,0.02256028302893462,0.005416254920191352,NA,NA
AU,2003-10-01,0.0454564194551019,0.007150235432409512,NA,NA
AU,2004-01-01,0.07033003056322065,0.017167930066298766,NA,NA
AU,2004-04-01,0.09708819669433699,0.028544027235353504,NA,NA
AU,2004-07-01,0.1255422383812534,0.03223283428050572,NA,NA
AU,2004-10-01,0.1554094821182817,0.025156738232099227,NA,NA
AU,2005-01-01,0.1863185194970386,0.012923841101986251,NA,NA
AU,2005-04-01,0.21781780873663859,0.003687726434035664,NA,NA
AU,2005-07-01,0.2493873535197223,-4.5997669776782026e-4,NA,NA
AU,2005-10-01,0.2804530888544054,-0.004954735305790287,NA,NA
AU,2006-01-01,0.3104035109204449,-0.01538561331974968,NA,NA
AU,2006-04-01,0.3386080106030084,-0.029770082476767476,NA,NA
AU,2006-07-01,0.36443631121834197,-0.039397231044975424,NA,NA
AU,2006-10-01,0.38727837172932655,-0.037256777482511466,NA,NA
AU,2007-01-01,0.4065640987978798,-0.02456691530583272,NA,NA
AU,2007-04-01,0.4217822148738134,-0.00865718597301071,NA,NA
AU,2007-07-01,0.43249765499513837,0.00437558639594172,NA,NA
AU,2007-10-01,0.4383669111719053,0.013614038622852891,NA,NA
AU,2008-01-01,0.43915080855688904,0.020573703559711866,NA,NA
AU,2008-04-01,0.43472427985406215,0.024833815143683737,weak,NA
AU,2008-07-01,0.42508280080933525,0.024087668493005622,NA,NA
AU,2008-10-01,0.4103452569396484,0.017946109812229823,NA,NA
AU,2009-01-01,0.39075312631134096,0.009785130043297726,NA,NA
AU,2009-04-01,0.36666598137630746,0.003894178464200139,NA,NA
AU,2009-07-01,0.3385534307167438,0.0015952827301733705,NA,NA
AU,2009-10-01,0.30698373517138117,0.0011286465680243546,NA,NA
AU,2010-01-01,0.2726094385148273,8.049306997886823e-4,NA,NA
AU,2010-04-01,0.23615044721794065,7.562227687544997e-4,NA,NA
AU,2010-07-01,0.19837507380804503,0.0012094982156586587,NA,NA
AU,2010-10-01,0.16007962144416726,6.288436978771396e-4,NA,NA
AU,2011-01-01,0.1220671315697684,-0.0025571019316234745,NA,NA
AU,2011-04-01,0.08512594058415107,-0.006385427435862012,NA,NA
AU,2011-07-01,0.0500086947384715,-0.0053426402635076775,NA,NA
AU,2011-10-01,0.01741245495764074,0.0045036635682936385,NA,NA
AU,2012-01-01,-0.012039514257318196,0.020475906142089814,NA,NA
AU,2012-04-01,-0.037813733900755264,0.03445914533069699,NA,NA
AU,2012-07-01,-0.05947981245221046,0.03954563353502209,NA,NA
AU,2012-10-01,-0.07672068279021989,0.03518212907859879,NA,NA
AU,2013-01-01,-0.08933949431646365,0.025888710034483287,NA,NA
AU,2013-04-01,-0.0972629867866621,0.01615586471831462,NA,regular
AU,2013-07-01,-0.10054128296780442,0.007671900109150001,NA,NA
AU,2013-10-01,-0.0993441486544016,7.483174429220943e-4,NA,NA
AU,2014-01-01,-0.09395387717076716,-0.0038732094570846855,NA,NA
AU,2014-04-01,-0.08475505778717567,-0.006085017666468199,NA,NA
AU,2014-07-01,-0.07222158025833036,-0.008242488819868873,NA,NA
AU,2014-10-01,-0.056901308078114055,-0.013686045358860375,NA,NA
AU,2015-01-01,-0.039398918603499394,-0.022558961926720775,NA,NA
AU,2015-04-01,-0.020357457019521408,-0.030310096310103157,NA,NA
AU,2015-07-01,-4.3918185834321277e-4,-0.03181296993029721,NA,NA
AU,2015-10-01,0.01969370827728492,-0.026797396601247213,NA,NA
AU,2016-01-01,0.03939788410056022,-0.019945402550815228,NA,NA
AU,2016-04-01,0.05806667379391947,-0.015370385146626794,NA,NA
AU,2016-07-01,0.07514631518562254,-0.01236513412431803,NA,NA
AU,2016-10-01,0.09015021539303159,-0.007643083456832422,NA,NA
AU,2017-01-01,0.10267083299354723,-6.202182859576955e-4,NA,NA
AU,2017-04-01,0.11238888026921906,0.005855735325037814,NA,NA
AU,2017-07-01,0.11907963354550127,0.010527083894248335,NA,NA
AU,2017-10-01,0.12261623501660995,0.017086801641529054,NA,NA
AU,2018-01-01,0.1229699665205854,0.029864245883573164,NA,NA
AU,2018-04-01,0.12020757129939613,0.04651601949256822,NA,NA
AU,2018-07-01,0.11448579076488091,0.05821904969592729,NA,NA
AU,2018-10-01,0.10604336681198906,0.05940149066799259,NA,NA
AU,2019-01-01,0.09519083370173459,0.055606875857062824,NA,NA
AU,2019-04-01,0.0822984847866948,0.05765748334479472,NA,NA
AU,2019-07-01,0.06778294663162479,0.06622899048201572,NA,NA
AU,2019-10-01,0.05209282515148206,0.06509472561328852,NA,NA
AU,2020-01-01,0.035693904542582144,0.03463968397368239,NA,NA
AU,2020-04-01,0.01905437986004402,-0.025506659070774682,NA,NA
AU,2020-07-01,0.002630588477682827,-0.08907971872777319,NA,NA
AU,2020-10-01,-0.013146324745802684,-0.12185985395840566,NA,NA
AU,2021-01-01,-0.027882417602372894,-0.10992170764807928,NA,NA
AU,2021-04-01,-0.041231300435435686,-0.06984340533187522,NA,NA
AU,2021-07-01,-0.05290255520215137,-0.031392732823988675,NA,NA
AU,2021-10-01,-0.06266802508721603,-0.01113693019147523,NA,NA
AU,2022-01-01,-0.07036585251452371,-0.002999345226088586,NA,NA
AU,2022-04-01,-0.07590222163493522,0.008013840524298326,NA,NA
AU,2022-07-01,-0.07925083869289462,0.026826777475264935,NA,NA
AU,2022-10-01,-0.08045025750565775,0.04442128060873834,NA,NA
AU,2023-01-01,-0.07959922522336087,0.05013650060194344,NA,NA
AU,2023-04-01,-0.07685028343463383,0.04370813725082196,NA,NA
AU,2023-07-01,-0.07240190972896467,0.03375492702356507,NA,NA
AU,2023-10-01,-0.06648952359597204,0.02679534204807035,NA,NA
AU,2024-01-01,-0.059375707030423566,0.021001718617221884,NA,NA
AU,2024-04-01,-0.05134000386717434,0.0112914310568187,NA,NA
AU,2024-07-01,-0.04266866259735631,-0.0018850307235525404,NA,NA
AU,2024-10-01,-0.03364467557191822,-0.011264116741903061,NA,NA
AU,2025-01-01,-0.024538443864202758,-0.010254128901749213,NA,NA
AU,2025-04-01,-0.015599362812612316,-8.809910593463574e-5,NA,NA
AU,2025-07-01,-0.00704857990971694,0.011279110828359426,NA,NA
AU,2025-10-01,NA,0.01656386301987878,NA,NA
AU,2026-01-01,NA,0.01456370662403243,NA,NA
AU,2026-04-01,NA,0.008942507818742331,NA,NA
DE,1948-07-01,NA,-3.304903868774022e-4,NA,NA
DE,1948-10-01,NA,-8.723636757889645e-4,NA,NA
DE,1949-01-01,NA,-0.0015120995007194085,NA,NA
DE,1949-04-01,NA,-0.0019844807088842775,NA,NA
DE,1949-07-01,NA,-0.002215182153088832,NA,NA
DE,1949-10-01,NA,-0.002402550120247565,NA,NA
DE,1950-01-01,NA,-0.0027239992562669516,NA,NA
DE,1950-04-01,NA,-0.0030721539236376882,NA,NA
DE,1950-07-01,NA,-0.003187668516091546,NA,NA
DE,1950-10-01,NA,-0.003008183907249731,NA,NA
DE,1951-01-01,NA,-0.002751486207742824,NA,NA
DE,1951-04-01,NA,-0.002615627713721536,NA,NA
DE,1951-07-01,NA,-0.002508980358452899,NA,NA
DE,1951-10-01,NA,-0.0021847870969507236,NA,NA
DE,1952-01-01,NA,-0.001596483396927228,NA,NA
DE,1952-04-01,NA,-9.821433199724077e-4,NA,NA
DE,1952-07-01,NA,-5.580283757441388e-4,NA,NA
DE,1952-10-01,NA,-2.4238721638907956e-4,NA,NA
DE,1953-01-01,NA,2.079660062043378e-4,NA,NA
DE,1953-04-01,NA,8.353457426143459e-4,NA,NA
DE,1953-07-01,NA,0.0013949547600516452,NA,NA
DE,1953-10-01,NA,0.001667658640749594,NA,NA
DE,1954-01-01,NA,0.0017421127897871576,NA,NA
DE,1954-04-01,NA,0.0018754167953707714,NA,NA
DE,1954-07-01,NA,0.002122836373269009,NA,NA
DE,1954-10-01,NA,0.0022490144798415143,NA,NA
DE,1955-01-01,NA,0.0020467127281402504,NA,NA
DE,1955-04-01,NA,0.0016245494824300361,NA,NA
DE,1955-07-01,NA,0.0012642526743386932,NA,NA
DE,1955-10-01,NA,0.0010416306181930633,NA,NA
DE,1956-01-01,NA,7.348178860361709e-4,NA,NA
DE,1956-04-01,NA,1.49091255976492e-4,NA,NA
DE,1956-07-01,NA,-5.895521128337103e-4,NA,NA
DE,1956-10-01,NA,-0.001180600438891301,NA,NA
DE,1957-01-01,NA,-0.0015369856945014865,NA,NA
DE,1957-04-01,NA,-0.0018795807093533175,NA,NA
DE,1957-07-01,NA,-0.0024055384568778923,NA,NA
DE,1957-10-01,NA,-0.002988016242353986,NA,NA
DE,1958-01-01,NA,-0.0033253577874111364,NA,NA
DE,1958-04-01,NA,-0.0033377156320208473,NA,NA
DE,1958-07-01,NA,-0.0032636981329978118,NA,NA
DE,1958-10-01,NA,-0.003320799504927337,NA,NA
DE,1959-01-01,NA,-0.0033973998809084536,NA,NA
DE,1959-04-01,NA,-0.003204439833655676,NA,NA
DE,1959-07-01,NA,-0.0026805920087883306,NA,NA
DE,1959-10-01,NA,-0.002090716341771312,NA,NA
DE,1960-01-01,NA,-0.0016776485378891684,NA,NA
DE,1960-04-01,NA,-0.0013458921400418887,NA,NA
DE,1960-07-01,NA,-8.158771905630714e-4,NA,NA
DE,1960-10-01,NA,-3.8234511219081316e-5,NA,NA
DE,1961-01-01,NA,7.055990963023711e-4,NA,NA
DE,1961-04-01,NA,0.0011603061753155692,NA,NA
DE,1961-07-01,NA,0.0014212296992502083,NA,NA
DE,1961-10-01,NA,0.001776763307258459,NA,NA
DE,1962-01-01,NA,0.002283777690003278,NA,NA
DE,1962-04-01,NA,0.0026639971489945185,NA,NA
DE,1962-07-01,NA,0.0026693361930597783,NA,NA
DE,1962-10-01,NA,0.0024143371920763127,NA,NA
DE,1963-01-01,NA,0.0022142562519219013,NA,NA
DE,1963-04-01,NA,0.0021489174895784544,NA,NA
DE,1963-07-01,NA,0.0019553096580567555,NA,NA
DE,1963-10-01,NA,0.0014013331998772747,NA,NA
DE,1964-01-01,NA,6.26222134775497e-4,NA,NA
DE,1964-04-01,NA,-2.615123431176748e-5,NA,NA
DE,1964-07-01,NA,-0.00045572409846349285,NA,NA
DE,1964-10-01,NA,-9.175202506827285e-4,NA,NA
DE,1965-01-01,NA,-0.0016387087917041638,NA,NA
DE,1965-04-01,NA,-0.0024693113588242985,NA,NA
DE,1965-07-01,NA,-0.003053435706419579,NA,NA
DE,1965-10-01,NA,-0.003290105272940053,NA,NA
DE,1966-01-01,NA,-0.00344785734600695,NA,NA
DE,1966-04-01,NA,-0.0037711886713646813,NA,NA
DE,1966-07-01,NA,-0.004120992347896153,NA,NA
DE,1966-10-01,NA,-0.004149790038551466,NA,NA
DE,1967-01-01,NA,-0.0037749098393852717,NA,NA
DE,1967-04-01,NA,-0.0032958225803445358,NA,NA
DE,1967-07-01,NA,-0.0029885919861121456,NA,NA
DE,1967-10-01,NA,-0.002734847050448396,NA,NA
DE,1968-01-01,NA,-0.0022009257771217557,NA,NA
DE,1968-04-01,NA,-0.0013239967336009888,NA,NA
DE,1968-07-01,NA,-4.322074163870177e-4,NA,NA
DE,1968-10-01,NA,1.736027842437902e-4,NA,NA
DE,1969-01-01,NA,6.028660002137834e-4,NA,NA
DE,1969-04-01,NA,0.0011914402004681395,NA,NA
DE,1969-07-01,NA,0.002001017984919347,NA,NA
DE,1969-10-01,NA,0.002695294271712479,NA,NA
DE,1970-01-01,-0.13565493445172258,0.002971119418454638,NA,NA
DE,1970-04-01,-0.12771344478537644,0.0029533178539800993,NA,NA
DE,1970-07-01,-0.11851607298484283,0.003004763887226735,NA,NA
DE,1970-10-01,-0.1082627829813318,0.003209283739554735,NA,NA
DE,1971-01-01,-0.097175781546849,0.0032430338480188845,NA,NA
DE,1971-04-01,-0.08549329122169133,0.002818726422361461,NA,NA
DE,1971-07-01,-0.073462835064617,0.0020924278648865374,NA,NA
DE,1971-10-01,-0.06133423123541702,0.001466365837273035,NA,NA
DE,1972-01-01,-0.04935250562979107,0.0010535583668811416,NA,NA
DE,1972-04-01,-0.037750934672030015,5.438667277700901e-4,NA,NA
DE,1972-07-01,-0.026744427782892904,-3.37628907448494e-4,NA,NA
DE,1972-10-01,-0.016523450030724973,-0.0014108127240729676,NA,NA
DE,1973-01-01,-0.007248670295904869,-0.0022454330802912327,NA,NA
DE,1973-04-01,9.535006229758058e-4,-0.0027158103972366424,NA,NA
DE,1973-07-01,0.007994343534989012,-0.0031397435250023332,NA,NA
DE,1973-10-01,0.01382512790928525,-0.0038038147399930542,NA,NA
DE,1974-01-01,0.018438198071489276,-0.004528565670232457,NA,NA
DE,1974-04-01,0.02186681026497206,-0.004880980677221074,NA,NA
DE,1974-07-01,0.024183719686489857,-0.004749263409757186,NA,NA
DE,1974-10-01,0.025498554144623986,-0.004485897367618324,NA,NA
DE,1975-01-01,0.0259540475397938,-0.004413912651878826,NA,NA
DE,1975-04-01,0.02572124081844851,-0.004374800608879251,NA,NA
DE,1975-07-01,0.02499378936867519,-0.003948754678896676,NA,NA
DE,1975-10-01,0.02398154305425998,-0.0030508550101530554,NA,NA
DE,1976-01-01,0.022903587409403542,-0.002077924362688356,NA,NA
DE,1976-04-01,0.021980951267435406,-0.0013932868212569222,NA,NA
DE,1976-07-01,0.021429196774886083,-8.557021249356821e-4,NA,NA
DE,1976-10-01,0.02145111203271796,-4.86805746516284e-5,NA,NA
DE,1977-01-01,0.022229724388236838,0.0010992051921395775,NA,NA
DE,1977-04-01,0.023921843748940075,0.002163057940728665,NA,NA
DE,1977-07-01,0.026652330470468166,0.002760368053036461,NA,NA
DE,1977-10-01,0.03050926183518507,0.0030420937459654544,NA,NA
DE,1978-01-01,0.03554014550424861,0.003451670600478893,NA,NA
DE,1978-04-01,0.04174929836128505,0.004076472887403036,NA,NA
DE,1978-07-01,0.04909647576113679,0.004490917260980873,NA,NA
DE,1978-10-01,0.057496800340318316,0.004320791534780841,NA,NA
DE,1979-01-01,0.06682200229072352,0.0037554497310640575,NA,NA
DE,1979-04-01,0.07690294543290818,0.0032918846212357036,NA,NA
DE,1979-07-01,0.08753337663963212,0.0030531476579088177,NA,NA
DE,1979-10-01,0.09847480121325433,0.002624974271253746,NA,NA
DE,1980-01-01,0.10946235470930801,0.0016493447657489509,NA,NA
DE,1980-04-01,0.12021151333001276,3.601024490367445e-4,NA,NA
DE,1980-07-01,0.1304254611764625,-6.911271333364869e-4,NA,NA
DE,1980-10-01,0.13980291399979292,-0.0013545548959819425,NA,NA
DE,1981-01-01,0.14804618612762024,-0.0020517084638134956,NA,NA
DE,1981-04-01,0.15486928029254907,-0.0031464638184482037,weak,NA
DE,1981-07-01,0.16000577930955254,-0.004381794015441072,NA,NA
DE,1981-10-01,0.1632163239162802,-0.005175307239149777,NA,NA
DE,1982-01-01,0.16429547240847017,-0.005382576502614251,NA,NA
DE,1982-04-01,0.1630777546092629,-0.005471160550580133,NA,NA
DE,1982-07-01,0.15944275469081629,-0.005847063068384953,NA,NA
DE,1982-10-01,0.15331908376754308,-0.0062578773968468854,NA,NA
DE,1983-01-01,0.14468713323535357,-0.006114570391790869,NA,NA
DE,1983-04-01,0.13358053268137685,-0.0053067015217137924,NA,NA
DE,1983-07-01,0.12008627090834614,-0.004379027759271676,NA,NA
DE,1983-10-01,0.10434347424259802,-0.0038009639707437134,NA,NA
DE,1984-01-01,0.0865408718482572,-0.00332881299451188,NA,NA
DE,1984-04-01,0.06691301229217178,-0.002362423259908711,NA,NA
DE,1984-07-01,0.04573532817603007,-8.258392054302507e-4,NA,NA
DE,1984-10-01,0.02331817542174003,6.551747556176078e-4,NA,NA
DE,1985-01-01,0,0.0015579864527577156,NA,NA
DE,1985-04-01,-0.023860193126015908,0.002151052116514795,NA,NA
DE,1985-07-01,-0.04789087684272118,0.0030870174777729103,NA,NA
DE,1985-10-01,-0.07171634044026412,0.004433891609823435,NA,NA
DE,1986-01-01,-0.09496511913834826,0.005498464460721773,NA,NA
DE,1986-04-01,-0.11727830269281783,0.005732935997001977,NA,NA
DE,1986-07-01,-0.13831751551998406,0.005487580404242088,NA,NA
DE,1986-10-01,-0.1577723704019275,0.0055271744425981,NA,NA
DE,1987-01-01,-0.17536721244631412,0.005935137447387846,NA,NA
DE,1987-04-01,-0.19086698913115852,0.005942061153960241,NA,NA
DE,1987-07-01,-0.20408210542190644,0.004984648678646734,NA,NA
DE,1987-10-01,-0.21487214946607014,0.0035513980101927224,NA,NA
DE,1988-01-01,-0.22314840353610077,0.0025745591165658856,NA,NA
DE,1988-04-01,-0.2288750859364137,0.0021338136721974436,NA,NA
DE,1988-07-01,-0.23206930171373003,0.001299729618994697,NA,NA
DE,1988-10-01,-0.23279971239616526,-5.481773987347685e-4,NA,NA
DE,1989-01-01,-0.2311839668280033,-0.0027170064813050424,NA,NA
DE,1989-04-01,-0.2273849656828968,-0.004034134884514338,NA,NA
DE,1989-07-01,-0.22160606069259256,-0.004515864548320286,NA,NA
DE,1989-10-01,-0.21408531534739667,-0.005492315988478249,NA,NA
DE,1990-01-01,-0.20508897621131789,-0.0077525122722677635,NA,NA
DE,1990-04-01,-0.19490432254118317,-0.01017545275468448,NA,weak
DE,1990-07-01,-0.18383207619621203,-0.011067438908418591,NA,NA
DE,1990-10-01,-0.17217856357044903,-0.010809153274422138,NA,NA
DE,1991-01-01,-0.16024782628447895,-0.012020051923847296,NA,NA
DE,1991-04-01,-0.14833387755809954,-0.016005215556733857,NA,NA
DE,1991-07-01,-0.1367132965885888,-0.01929578701933076,NA,NA
DE,1991-10-01,-0.12563834402691898,-0.01526624413138248,NA,NA
DE,1992-01-01,-0.11533076802922343,-6.890963222747728e-4,NA,NA
DE,1992-04-01,-0.1059764527137266,0.019063770505004084,NA,NA
DE,1992-07-01,-0.09772103961400949,0.032300728229801484,NA,NA
DE,1992-10-01,-0.09066662840606049,0.029763769461245364,NA,NA
DE,1993-01-01,-0.08486963638338862,0.012114289063420457,NA,NA
DE,1993-04-01,-0.08033986749878513,-0.010614079242133562,NA,NA
DE,1993-07-01,-0.07704081195909611,-0.026670379852896844,NA,NA
DE,1993-10-01,-0.0748911670506245,-0.030135884690799822,NA,NA
DE,1994-01-01,-0.07376753979649317,-0.022422624400553284,NA,NA
DE,1994-04-01,-0.07350826290632033,-0.008370748234889376,NA,NA
DE,1994-07-01,-0.07391822795468066,0.007862515408147319,NA,NA
DE,1994-10-01,-0.07477461446433425,0.02352932524277555,NA,NA
DE,1995-01-01,-0.07583337117008467,0.03577932969969483,NA,NA
DE,1995-04-01,-0.07683628673419067,0.041242077235842924,NA,NA
DE,1995-07-01,-0.07751847203541204,0.0378721223974807,NA,NA
DE,1995-10-01,-0.07761606523762037,0.027001436054752196,NA,NA
DE,1996-01-01,-0.07687396444389574,0.01308374524176166,NA,NA
DE,1996-04-01,-0.0750533910413173,0.001035396076572551,NA,NA
DE,1996-07-01,-0.0719390899178606,-0.006585760535956747,NA,NA
DE,1996-10-01,-0.06734598055483078,-0.010368604973907729,NA,NA
DE,1997-01-01,-0.06112508542520097,-0.012551077941676989,NA,NA
DE,1997-04-01,-0.05316857891064672,-0.014778013131306021,NA,NA
DE,1997-07-01,-0.04341382073349806,-0.01696772129017961,NA,NA
DE,1997-10-01,-0.03184626223065143,-0.018075139194315394,NA,NA
DE,1998-01-01,-0.018501141130121565,-0.0179673536401866,NA,NA
DE,1998-04-01,-0.0034639102022960278,-0.01856976108360486,NA,NA
DE,1998-07-01,0.013130623445903655,-0.022794938585515824,NA,NA
DE,1998-10-01,0.031100439331206625,-0.031654335436754305,NA,NA
DE,1999-01-01,0.05021968321628317,-0.04201901988011009,NA,NA
DE,1999-04-01,0.07022321196030412,-0.04758899189069142,NA,NA
DE,1999-07-01,0.0908121997736557,-0.0430244418799776,NA,NA
DE,1999-10-01,0.11166067389823989,-0.028005746451623303,NA,NA
DE,2000-01-01,0.13242282256196417,-0.0075395714090218885,NA,NA
DE,2000-04-01,0.1527408965523733,0.011934148042181373,NA,NA
DE,2000-07-01,0.172253508530352,0.027098534816296548,NA,NA
DE,2000-10-01,0.19060412177615013,0.03881463995647824,NA,NA
DE,2001-01-01,0.20744951283176835,0.049075582794017,NA,NA
DE,2001-04-01,0.22246799075686294,0.05742633489046354,NA,NA
DE,2001-07-01,0.23536715959547108,0.06080209309728729,NA,NA
DE,2001-10-01,0.2458910201607352,0.05689648270646928,NA,NA
DE,2002-01-01,0.2538262222398133,0.04720133395455692,NA,NA
DE,2002-04-01,0.25900729850886894,0.036100901533475324,NA,NA
DE,2002-07-01,0.2613207363915213,0.026719724295179662,NA,NA
DE,2002-10-01,0.26070777321949024,0.01799038556058971,NA,NA
DE,2003-01-01,0.2571658326618813,0.006377727223253322,NA,NA
DE,2003-04-01,0.25074855566981813,-0.009311716813952299,NA,NA
DE,2003-07-01,0.24156441623474192,-0.025286491918423814,NA,NA
DE,2003-10-01,0.2297739501111262,-0.03564734117523462,NA,NA
DE,2004-01-01,0.21558566229250495,-0.03827398786736478,NA,NA
DE,2004-04-01,0.19925071542083908,-0.03756381241934045,NA,NA
DE,2004-07-01,0.1810565354311696,-0.04069735067427333,NA,NA
DE,2004-10-01,0.16131950160356504,-0.05081083838080308,NA,NA
DE,2005-01-01,0.1403769148980841,-0.06389744382969964,NA,NA
DE,2005-04-01,0.1185784601672488,-0.07246214190344095,NA,NA
DE,2005-07-01,0.09627739387739237,-0.07185016299502542,NA,NA
DE,2005-10-01,0.07382169877295539,-0.0626101508134629,NA,NA
DE,2006-01-01,0.051545450098335305,-0.04717466153390438,NA,NA
DE,2006-04-01,0.029760634341834402,-0.025856890419628183,NA,NA
DE,2006-07-01,0.008749650967328049,0.002338957771176086,NA,NA
DE,2006-10-01,-0.011241289571360003,0.03511136145927327,NA,NA
DE,2007-01-01,-0.03000768170849817,0.06511892701629164,NA,NA
DE,2007-04-01,-0.04739099392036526,0.08507108779615573,NA,NA
DE,2007-07-01,-0.06328156474669058,0.09497450646602967,NA,NA
DE,2007-10-01,-0.07762003758117836,0.10255745647147027,NA,NA
DE,2008-01-01,-0.09039728750914214,0.11422508423182878,NA,NA
DE,2008-04-01,-0.10165283676831252,0.12487175618872287,NA,NA
DE,2008-07-01,-0.11147179940502587,0.11807677155034545,NA,NA
DE,2008-10-01,-0.11998043912468917,0.07886470519476604,NA,NA
DE,2009-01-01,-0.12734046591754838,0.008366248682002446,NA,NA
DE,2009-04-01,-0.13374223553340092,-0.07313937160566036,NA,NA
DE,2009-07-01,-0.13939705010477804,-0.13794087937767974,NA,NA
DE,2009-10-01,-0.14452878710428774,-0.16739740966974506,NA,NA
DE,2010-01-01,-0.14936510643358064,-0.16019164248015896,NA,NA
DE,2010-04-01,-0.15412850101310976,-0.12807118842040668,NA,NA
DE,2010-07-01,-0.15902746420304076,-0.08555135601701316,NA,NA
DE,2010-10-01,-0.16424804738191418,-0.04269887458064585,NA,NA
DE,2011-01-01,-0.16994607291728875,-0.004388264447344532,NA,NA
DE,2011-04-01,-0.17624025169663102,0.027032897891153033,NA,NA
DE,2011-07-01,-0.1832064307017396,0.04986982800202965,NA,NA
DE,2011-10-01,-0.1908731653936864,0.063102087391107,NA,NA
DE,2012-01-01,-0.19921877473472946,0.06689414117050911,NA,NA
DE,2012-04-01,-0.20816999451477974,0.06250035327748502,NA,NA
DE,2012-07-01,-0.21760229845034568,0.05184957028027222,NA,NA
DE,2012-10-01,-0.2273419075998312,0.03736480281956258,NA,NA
DE,2013-01-01,-0.23716945840822662,0.021899384091606654,NA,NA
DE,2013-04-01,-0.24682524963401586,0.008395495293204176,NA,NA
DE,2013-07-01,-0.2560159400148859,-7.633103144746155e-4,NA,NA
DE,2013-10-01,-0.26442252326077187,-0.004487856143439815,NA,NA
DE,2014-01-01,-0.2717093662131317,-0.0036210744348277486,NA,NA
DE,2014-04-01,-0.2775340610510782,-0.0010623763493917938,NA,weak
DE,2014-07-01,-0.2815578143735483,-6.750036121807177e-4,NA,NA
DE,2014-10-01,-0.2834560757639739,-0.004964495604625672,NA,NA
DE,2015-01-01,-0.28292909674782585,-0.013120452907493514,NA,NA
DE,2015-04-01,-0.27971210833374993,-0.021526782612354533,NA,NA
DE,2015-07-01,-0.273584811770903,-0.02678733179075779,NA,NA
DE,2015-10-01,-0.26437989267016715,-0.02847153662530134,NA,NA
DE,2016-01-01,-0.2519902928630019,-0.028726345453929963,NA,NA
DE,2016-04-01,-0.2363750066808412,-0.029274798027994035,NA,NA
DE,2016-07-01,-0.2175632078528446,-0.02927755882587248,NA,NA
DE,2016-10-01,-0.19565655883799715,-0.026301498091798527,NA,NA
DE,2017-01-01,-0.17082960483288306,-0.01873173795368651,NA,NA
DE,2017-04-01,-0.14332820847685226,-0.006573661098074546,NA,NA
DE,2017-07-01,-0.11346603684666984,0.009453616783421319,NA,NA
DE,2017-10-01,-0.08161916806180833,0.02781573968020312,NA,NA
DE,2018-01-01,-0.048218939061079644,0.04436675217465195,NA,NA
DE,2018-04-01,-0.01374320724630873,0.05255889686281401,NA,NA
DE,2018-07-01,0.021293754813014598,0.04875513954780685,NA,NA
DE,2018-10-01,0.05635247196087656,0.03854262302922185,NA,NA
DE,2019-01-01,0.09088029347657461,0.03493578847753597,NA,NA
DE,2019-04-01,0.12432391678400526,0.04573043728203379,NA,NA
DE,2019-07-01,0.15614207424273555,0.06088879018532922,NA,NA
DE,2019-10-01,0.18581804312139735,0.05565414264245488,NA,NA
DE,2020-01-01,0.21287164233615471,0.011656830719800532,NA,NA
DE,2020-04-01,0.23687039271929247,-0.061924292856606,NA,NA
DE,2020-07-01,0.257439540097518,-0.12936367524284234,NA,NA
DE,2020-10-01,0.2742706716570573,-0.15413693482365542,NA,NA
DE,2021-01-01,0.2871286950414884,-0.1270642029652884,NA,NA
DE,2021-04-01,0.29585699522211484,-0.07097543761070835,NA,NA
DE,2021-07-01,0.3003806350531588,-0.0188012653335074,NA,NA
DE,2021-10-01,0.3007075200698287,0.012544590872860611,NA,NA
DE,2022-01-01,0.29692750488830977,0.02850173764830962,NA,NA
DE,2022-04-01,0.28920947584169965,0.04186984130319882,regular,NA
DE,2022-07-01,0.2777965005421561,0.05600396850047309,NA,NA
DE,2022-10-01,0.2629991882449163,0.06357957552998438,NA,NA
DE,2023-01-01,0.24518745364354275,0.05837670177383438,NA,NA
DE,2023-04-01,0.22478091962605554,0.04390623018568125,NA,NA
DE,2023-07-01,0.2022382303294283,0.02935624867301713,NA,NA
DE,2023-10-01,0.1780455735263541,0.019622240893065697,NA,NA
DE,2024-01-01,0.15270473019525857,0.012002700903756163,NA,NA
DE,2024-04-01,0.12672097856784229,0.0023053950375697325,NA,NA
DE,2024-07-01,0.10059117981128501,-0.008524615411642306,NA,NA
DE,2024-10-01,0.07479236287056476,-0.01546101158486301,NA,NA
DE,2025-01-01,0.04977110724449349,-0.015828929367265498,NA,NA
DE,2025-04-01,0.025933995246495395,-0.012498190425483792,NA,NA
DE,2025-07-01,0.0036393705105075835,-0.010267502527603516,NA,NA
DE,2025-10-01,NA,-0.01063951248949558,NA,NA
DE,2026-01-01,NA,-0.011412933488962006,NA,NA
ES,1945-01-01,NA,0.00122735187004278,NA,NA
ES,1945-04-01,NA,0.002450454575943798,NA,NA
ES,1945-07-01,NA,0.004010744691826786,NA,NA
ES,1945-10-01,NA,0.0057772240458798,NA,NA
ES,1946-01-01,NA,0.007246166615860436,NA,NA
ES,1946-04-01,NA,0.008161069869968287,NA,NA
ES,1946-07-01,NA,0.008799846491736792,NA,NA
ES,1946-10-01,NA,0.009531449458420443,NA,NA
ES,1947-01-01,NA,0.010254003380550132,NA,NA
ES,1947-04-01,NA,0.01049475441488393,NA,NA
ES,1947-07-01,NA,0.010039528415132667,NA,NA
ES,1947-10-01,NA,0.009223661131426591,NA,NA
ES,1948-01-01,NA,0.008478972313761874,NA,NA
ES,1948-04-01,NA,0.007759444196193377,NA,NA
ES,1948-07-01,NA,0.006640346920333064,NA,NA
ES,1948-10-01,NA,0.004956860525652849,NA,NA
ES,1949-01-01,NA,0.0030986063507764785,NA,NA
ES,1949-04-01,NA,0.0015467445025204361,NA,NA
ES,1949-07-01,NA,2.872547902404287e-4,NA,NA
ES,1949-10-01,NA,-0.001089891822693506,NA,NA
ES,1950-01-01,NA,-0.002741323706034227,NA,NA
ES,1950-04-01,NA,-0.0042703839403484345,NA,NA
ES,1950-07-01,NA,-0.005198415829610252,NA,NA
ES,1950-10-01,NA,-0.005562323097193501,NA,NA
ES,1951-01-01,NA,-0.005813226451007426,NA,NA
ES,1951-04-01,NA,-0.006153683146811217,NA,NA
ES,1951-07-01,NA,-0.00623010537509598,NA,NA
ES,1951-10-01,NA,-0.005610758096859273,NA,NA
ES,1952-01-01,NA,-0.004392831149130524,NA,NA
ES,1952-04-01,NA,-0.003097389067531738,NA,NA
ES,1952-07-01,NA,-0.0019915712331954635,NA,NA
ES,1952-10-01,NA,-7.722505408232741e-4,NA,NA
ES,1953-01-01,NA,9.49323405961582e-4,NA,NA
ES,1953-04-01,NA,0.00303042446897501,NA,NA
ES,1953-07-01,NA,0.0049051620723438915,NA,NA
ES,1953-10-01,NA,0.006276910733158044,NA,NA
ES,1954-01-01,NA,0.0074424164062024045,NA,NA
ES,1954-04-01,NA,0.00879855213044594,NA,NA
ES,1954-07-01,NA,0.010212788687483057,NA,NA
ES,1954-10-01,NA,0.011132689492609088,NA,NA
ES,1955-01-01,NA,0.01129126372710782,NA,NA
ES,1955-04-01,NA,0.01103685624409855,NA,NA
ES,1955-07-01,NA,0.010828702303486221,NA,NA
ES,1955-10-01,NA,0.010592319310818174,NA,NA
ES,1956-01-01,NA,0.009828312011674929,NA,NA
ES,1956-04-01,NA,0.008329601743771746,NA,NA
ES,1956-07-01,NA,0.00651616222489286,NA,NA
ES,1956-10-01,NA,0.004918135368890055,NA,NA
ES,1957-01-01,NA,0.0035151526390310925,NA,NA
ES,1957-04-01,NA,0.001844520138074598,NA,NA
ES,1957-07-01,NA,-2.6856721329211936e-4,NA,NA
ES,1957-10-01,NA,-0.0023701417283455394,NA,NA
ES,1958-01-01,NA,-0.003905819530897761,NA,NA
ES,1958-04-01,NA,-0.004896427105242678,NA,NA
ES,1958-07-01,NA,-0.0058283716816697525,NA,NA
ES,1958-10-01,NA,-0.006907532122843653,NA,NA
ES,1959-01-01,NA,-0.007709442307529403,NA,NA
ES,1959-04-01,NA,-0.007717087614197896,NA,NA
ES,1959-07-01,NA,-0.007009719678655325,NA,NA
ES,1959-10-01,NA,-0.006149478472010917,NA,NA
ES,1960-01-01,NA,-0.0054166462832862744,NA,NA
ES,1960-04-01,NA,-0.004448745676371562,NA,NA
ES,1960-07-01,NA,-0.0027868604247398305,NA,NA
ES,1960-10-01,NA,-5.77407627667715e-4,NA,NA
ES,1961-01-01,NA,0.001545471854715469,NA,NA
ES,1961-04-01,NA,0.0032439983850834635,NA,NA
ES,1961-07-01,NA,0.004848645927835219,NA,NA
ES,1961-10-01,NA,0.006801794530984132,NA,NA
ES,1962-01-01,NA,0.008940773839799137,NA,NA
ES,1962-04-01,NA,0.010617856018696593,NA,NA
ES,1962-07-01,NA,0.011502273622571302,NA,NA
ES,1962-10-01,NA,0.011961134591905127,NA,NA
ES,1963-01-01,NA,0.012489931510393674,NA,NA
ES,1963-04-01,NA,0.01297692348062079,NA,NA
ES,1963-07-01,NA,0.012822910255644446,NA,NA
ES,1963-10-01,NA,0.011759561476809973,NA,NA
ES,1964-01-01,NA,0.010237644683906769,NA,NA
ES,1964-04-01,NA,0.008841943053418825,NA,NA
ES,1964-07-01,NA,0.007534600526679723,NA,NA
ES,1964-10-01,NA,0.005773662647103054,NA,NA
ES,1965-01-01,NA,0.0033481228164163965,NA,NA
ES,1965-04-01,NA,7.740599843581783e-4,NA,NA
ES,1965-07-01,NA,-0.001306049743896413,NA,NA
ES,1965-10-01,NA,-0.0029008819539252206,NA,NA
ES,1966-01-01,NA,-0.004551364566986692,NA,NA
ES,1966-04-01,NA,-0.006475900860996333,NA,NA
ES,1966-07-01,NA,-0.008163312721334434,NA,NA
ES,1966-10-01,NA,-0.008987102280155443,NA,NA
ES,1967-01-01,NA,-0.00900209900277079,NA,NA
ES,1967-04-01,NA,-0.008822306937434856,NA,NA
ES,1967-07-01,NA,-0.008742468305514083,NA,NA
ES,1967-10-01,NA,-0.00831669884326763,NA,NA
ES,1968-01-01,NA,-0.006984552169818597,NA,NA
ES,1968-04-01,NA,-0.004885812401874535,NA,NA
ES,1968-07-01,NA,-0.0027334638585415983,NA,NA
ES,1968-10-01,NA,-9.093009922960226e-4,NA,NA
ES,1969-01-01,NA,9.730725967892173e-4,NA,NA
ES,1969-04-01,NA,0.003429636981426842,NA,NA
ES,1969-07-01,NA,0.00627116483601881,NA,NA
ES,1969-10-01,NA,0.008733901606166506,NA,NA
ES,1970-01-01,NA,0.010409439926628563,NA,NA
ES,1970-04-01,NA,0.011695981529373631,NA,NA
ES,1970-07-01,NA,0.013143793775977861,NA,NA
ES,1970-10-01,NA,0.01459613687203219,NA,NA
ES,1971-01-01,-0.19718072153662433,0.015320420270392886,NA,NA
ES,1971-04-01,-0.18165043524015678,0.014961743575448884,NA,NA
ES,1971-07-01,-0.1610271820044964,0.014006198538593764,NA,NA
ES,1971-10-01,-0.13551234510751586,0.013106559452184755,NA,NA
ES,1972-01-01,-0.10541287117228477,0.012194716811756982,NA,NA
ES,1972-04-01,-0.07113443504007855,0.01061090926853246,NA,NA
ES,1972-07-01,-0.033171832797392414,0.008080608182183818,NA,NA
ES,1972-10-01,0.007903104213043327,0.0051896332863938105,NA,NA
ES,1973-01-01,0.05145570135896352,0.0026885145216194116,NA,NA
ES,1973-04-01,0.09680429769277629,5.747614928752631e-4,NA,NA
ES,1973-07-01,0.1432372736929924,-0.0017792884681477636,NA,NA
ES,1973-10-01,0.19003071881522807,-0.004623278291681105,NA,NA
ES,1974-01-01,0.2364661890567907,-0.00733881752399384,NA,NA
ES,1974-04-01,0.2818480044906353,-0.009154989031694975,NA,NA
ES,1974-07-01,0.32551955513293473,-0.010095207787183773,NA,NA
ES,1974-10-01,0.3668781199887977,-0.010847676054764749,NA,NA
ES,1975-01-01,0.4053877574526179,-0.011730577823333846,NA,NA
ES,1975-04-01,0.4405898936062902,-0.012182261280358873,NA,NA
ES,1975-07-01,0.4721113160064998,-0.011494153101775949,NA,NA
ES,1975-10-01,0.4996693714706162,-0.009785478058613456,NA,NA
ES,1976-01-01,0.5230742639874284,-0.007869190648918084,NA,NA
ES,1976-04-01,0.542228449770627,-0.006180896786433281,NA,NA
ES,1976-07-01,0.5571232270841668,-0.004245614974494938,NA,NA
ES,1976-10-01,0.5678327152369522,-0.0014277978600411865,NA,NA
ES,1977-01-01,0.5745055066264169,0.002064502582287526,NA,NA
ES,1977-04-01,0.5773543547052833,0.005317972111190593,NA,NA
ES,1977-07-01,0.5766443264092607,0.007822966133949274,NA,NA
ES,1977-10-01,0.5726798975327049,0.010030516357424083,NA,NA
ES,1978-01-01,0.5657915019401657,0.012581828011033705,NA,NA
ES,1978-04-01,0.5563220591381162,0.015269261612538094,NA,NA
ES,1978-07-01,0.5446139990526044,0.017175296003347894,NA,NA
ES,1978-10-01,0.5309972780049298,0.017818236364230834,NA,NA
ES,1979-01-01,0.5157788366790501,0.01773114744475572,NA,NA
ES,1979-04-01,0.4992338908277455,0.01766545296917085,NA,NA
ES,1979-07-01,0.48159937068396386,0.01750996987960235,NA,NA
ES,1979-10-01,0.463069738191057,0.016426133085527445,NA,NA
ES,1980-01-01,0.4437953153593106,0.014029904191335655,NA,NA
ES,1980-04-01,0.42388315576401137,0.010992069921458273,NA,NA
ES,1980-07-01,0.403400388118201,0.008212018121453616,NA,NA
ES,1980-10-01,0.3823798597752154,0.005689516884778535,NA,NA
ES,1981-01-01,0.36082781269937547,0.0026545307741974522,NA,NA
ES,1981-04-01,0.3387332384735833,-0.0012114344169778164,NA,NA
ES,1981-07-01,0.3160784855745298,-0.005149973122282608,NA,NA
ES,1981-10-01,0.2928506343024494,-0.00818189617384878,NA,NA
ES,1982-01-01,0.2690531147371146,-0.010284568958316571,NA,NA
ES,1982-04-01,0.24471702262200604,-0.012265417929212815,NA,NA
ES,1982-07-01,0.21991158818596865,-0.014493566727856552,NA,NA
ES,1982-10-01,0.19475327389811267,-0.016241614838064414,NA,NA
ES,1983-01-01,0.16941301857052357,-0.01656892905314461,NA,NA
ES,1983-04-01,0.1441212058862262,-0.015548490710945575,NA,NA
ES,1983-07-01,0.11917001344055214,-0.014140439157784325,NA,NA
ES,1983-10-01,0.09491289119702126,-0.012867621540893303,NA,NA
ES,1984-01-01,0.0717610227615216,-0.011115847782186213,NA,NA
ES,1984-04-01,0.050176735494442376,-0.008042719053896922,NA,NA
ES,1984-07-01,0.030663942289534563,-0.0038572743713028907,NA,NA
ES,1984-10-01,0.01375581472099674,3.0658623806332743e-4,NA,NA
ES,1985-01-01,0,0.0037773631572480116,NA,NA
ES,1985-04-01,-0.010058201328621535,0.0070933165379156405,NA,NA
ES,1985-07-01,-0.015894187671798732,0.011065231517626674,NA,NA
ES,1985-10-01,-0.017023352702039196,0.015434418630635419,NA,NA
ES,1986-01-01,-0.013020681777440285,0.01899386538221881,NA,NA
ES,1986-04-01,-0.0035399677173970356,0.02104151583553197,NA,NA
ES,1986-07-01,0.01166804876872235,0.022178679682588853,NA,NA
ES,1986-10-01,0.032739298808634715,0.023337172306110043,NA,NA
ES,1987-01-01,0.05968241615775946,0.024359394843854697,NA,NA
ES,1987-04-01,0.09236777271842414,0.02410411333647825,NA,NA
ES,1987-07-01,0.13052003334631554,0.021968643695521685,NA,NA
ES,1987-10-01,0.17371464578428494,0.01874352351919543,NA,NA
ES,1988-01-01,0.2213785661900293,0.015596479185642376,NA,NA
ES,1988-04-01,0.2727953922661941,0.012556105695906523,NA,NA
ES,1988-07-01,0.3271149385290745,0.008591629539975392,NA,NA
ES,1988-10-01,0.3833671462022047,0.003212395346893789,NA,NA
ES,1989-01-01,0.440480078251298,-0.002607356089905494,NA,NA
ES,1989-04-01,0.49730161291021957,-0.007490726886412909,NA,NA
ES,1989-07-01,0.5526243213134903,-0.011290509192764881,NA,NA
ES,1989-10-01,0.6052129009280296,-0.015045172608481032,NA,NA
ES,1990-01-01,0.6538334403433387,-0.019283397577789164,NA,NA
ES,1990-04-01,0.6972837160740823,-0.0230004164968744,NA,NA
ES,1990-07-01,0.7344236711311269,-0.024763058773045417,NA,NA
ES,1990-10-01,0.7642052002459668,-0.024483778436205916,NA,NA
ES,1991-01-01,0.7857003689739435,-0.023426737880201394,NA,NA
ES,1991-04-01,0.7981272237563514,-0.02238551459921128,NA,NA
ES,1991-07-01,0.8008724067927117,-0.02050994475372489,NA,NA
ES,1991-10-01,0.793509871775817,-0.016445501300979406,regular,NA
ES,1992-01-01,0.775815101840385,-0.010297373622908454,NA,NA
ES,1992-04-01,0.7477743563614182,-0.003723669532200018,NA,NA
ES,1992-07-01,0.7095886147209447,0.002059499041357495,NA,NA
ES,1992-10-01,0.66167203849211,0.00769438404006551,NA,NA
ES,1993-01-01,0.6046449338976103,0.01452501806318682,NA,NA
ES,1993-04-01,0.5393213588491144,0.022330451605576843,NA,NA
ES,1993-07-01,0.4666916782272619,0.02903255432540671,NA,NA
ES,1993-10-01,0.3879005222458253,0.03293952075139043,NA,NA
ES,1994-01-01,0.3042207409192552,0.034640578535968795,NA,NA
ES,1994-04-01,0.21702406837356683,0.035915927772978924,NA,NA
ES,1994-07-01,0.1277493101000776,0.03684823177795004,NA,NA
ES,1994-10-01,0.03786894101432969,0.03486243693038239,NA,NA
ES,1995-01-01,-0.05114495010784806,0.02730785961231112,NA,NA
ES,1995-04-01,-0.13785441518282376,0.014906902716517295,NA,NA
ES,1995-07-01,-0.2208881559876742,0.0021486400199055454,NA,NA
ES,1995-10-01,-0.29897188289301124,-0.006021389627081567,NA,NA
ES,1996-01-01,-0.37095568528738393,-0.007967883957597923,NA,NA
ES,1996-04-01,-0.4358376687582468,-0.00613379568013836,NA,NA
ES,1996-07-01,-0.492783229859876,-0.004581117834073964,NA,NA
ES,1996-10-01,-0.5411394742232679,-0.005880739564583331,NA,NA
ES,1997-01-01,-0.5804444335600688,-0.009758197601309984,NA,NA
ES,1997-04-01,-0.6104308970158511,-0.013886438890461946,NA,NA
ES,1997-07-01,-0.6310248372474432,-0.01578402100252858,NA,NA
ES,1997-10-01,-0.6423385762862354,-0.014606484741448955,NA,NA
ES,1998-01-01,-0.6446589954691265,-0.011860803942853897,NA,NA
ES,1998-04-01,-0.6384312424193783,-0.010445938999122379,NA,regular
ES,1998-07-01,-0.6242385215375853,-0.012446716713337807,NA,NA
ES,1998-10-01,-0.6027786685159067,-0.01738512364118823,NA,NA
ES,1999-01-01,-0.5748383004517058,-0.02255926864379511,NA,NA
ES,1999-04-01,-0.5412653983975381,-0.025146974305688467,NA,NA
ES,1999-07-01,-0.5029412166736246,-0.023924243944572064,NA,NA
ES,1999-10-01,-0.46075242192239063,-0.019077823590993366,NA,NA
ES,2000-01-01,-0.41556434457591307,-0.011019000934819782,NA,NA
ES,2000-04-01,-0.3681961769490092,-1.70109993456087e-4,NA,NA
ES,2000-07-01,-0.3193988772859695,0.012064969906125057,NA,NA
ES,2000-10-01,-0.26983644035098586,0.0230360865278413,NA,NA
ES,2001-01-01,-0.22007107589833041,0.030451946172683396,NA,NA
ES,2001-04-01,-0.17055270057726163,0.03422000286287562,NA,NA
ES,2001-07-01,-0.12161300102642984,0.03601597658960822,NA,NA
ES,2001-10-01,-0.07346417097059138,0.03682757301125468,NA,NA
ES,2002-01-01,-0.02620226813448176,0.035622142056732205,NA,NA
ES,2002-04-01,0.020185017138433792,0.031109736431360932,NA,NA
ES,2002-07-01,0.06580653553091112,0.02439124512343416,NA,NA
ES,2002-10-01,0.11085228170446479,0.018664659244099473,NA,NA
ES,2003-01-01,0.15557502963008416,0.01577407683872673,NA,NA
ES,2003-04-01,0.20026969865816388,0.01383055155178689,NA,NA
ES,2003-07-01,0.2452512202528275,0.00930410172279137,NA,NA
ES,2003-10-01,0.29083172095527665,0.001394786957767542,NA,NA
ES,2004-01-01,0.3372978555163991,-0.006752082574434023,NA,NA
ES,2004-04-01,0.3848891148095577,-0.011730945268355726,NA,NA
ES,2004-07-01,0.43377789656639654,-0.013963246343007428,NA,NA
ES,2004-10-01,0.48405206452431204,-0.016987434563337518,NA,NA
ES,2005-01-01,0.5357006354232635,-0.02278051046681056,NA,NA
ES,2005-04-01,0.5886031263909712,-0.029044211574758016,NA,NA
ES,2005-07-01,0.6425229712167102,-0.03187652122904375,NA,NA
ES,2005-10-01,0.6971052769783029,-0.030298862569545327,NA,NA
ES,2006-01-01,0.7518790469948494,-0.026803895641997044,NA,NA
ES,2006-04-01,0.8062638469152955,-0.023461398846921486,NA,NA
ES,2006-07-01,0.8595807427937939,-0.019014041103490413,NA,NA
ES,2006-10-01,0.9110671980486048,-0.010905282391461935,NA,NA
ES,2007-01-01,0.9598954848253011,6.981450673742646e-4,NA,NA
ES,2007-04-01,1.0051940486850282,0.012699454435401068,NA,NA
ES,2007-07-01,1.0460711674026817,0.023191109544922244,NA,NA
ES,2007-10-01,1.081640168050836,0.03394899689062733,NA,NA
ES,2008-01-01,1.111045413805783,0.04683679105734201,NA,NA
ES,2008-04-01,1.133488244594841,0.057895367836364564,NA,NA
ES,2008-07-01,1.1482520545283628,0.057274271532527087,weak,NA
ES,2008-10-01,1.1547257138954674,0.03724872752503827,NA,NA
ES,2009-01-01,1.1524245933822057,8.600640113854048e-4,NA,NA
ES,2009-04-01,1.141008521329672,-0.03803256462085848,NA,NA
ES,2009-07-01,1.1202960987900046,-0.06387475143068068,NA,NA
ES,2009-10-01,1.0902749087186863,-0.06916587850692782,NA,NA
ES,2010-01-01,1.0511072811848259,-0.056655713484770096,NA,NA
ES,2010-04-01,1.0031314118992933,-0.03416521476837162,NA,NA
ES,2010-07-01,0.9468577722917685,-0.008516612947161292,NA,NA
ES,2010-10-01,0.882960891320428,0.01657951943606885,NA,NA
ES,2011-01-01,0.8122667276974879,0.03933262659403035,NA,NA
ES,2011-04-01,0.7357359819467931,0.05835547566581654,NA,NA
ES,2011-07-01,0.6544438166613323,0.0719876224076707,NA,NA
ES,2011-10-01,0.5695565569083103,0.07802596900909774,NA,NA
ES,2012-01-01,0.4823060278810799,0.07416855186283822,NA,NA
ES,2012-04-01,0.39396225119024364,0.05985408746743753,NA,NA
ES,2012-07-01,0.3058052628852068,0.03817631953442239,NA,NA
ES,2012-10-01,0.21909683440801161,0.015040237332362039,NA,NA
ES,2013-01-01,0.13505287197110102,-0.004781842147118023,NA,NA
ES,2013-04-01,0.054817240845176723,-0.0208019858353028,NA,NA
ES,2013-07-01,-0.020562290002959616,-0.03535456897905882,NA,NA
ES,2013-10-01,-0.09015535863853456,-0.04913242162790515,NA,NA
ES,2014-01-01,-0.15316704069961867,-0.05937185565571896,NA,NA
ES,2014-04-01,-0.20895216745692655,-0.0630580531169404,NA,NA
ES,2014-07-01,-0.2570256134367378,-0.06071741349777363,NA,NA
ES,2014-10-01,-0.29706835733052106,-0.05536794303850703,NA,NA
ES,2015-01-01,-0.32892924503875975,-0.04799846821058534,NA,NA
ES,2015-04-01,-0.3526225083357659,-0.03638298856818445,NA,NA
ES,2015-07-01,-0.36832121296304654,-0.019840114589320813,NA,weak
ES,2015-10-01,-0.3763469223440076,-0.003613201550042913,NA,NA
ES,2016-01-01,-0.3771559642743746,0.004465011105110235,NA,NA
ES,2016-04-01,-0.37132277502067523,0.0025150164703232956,NA,NA
ES,2016-07-01,-0.35952086590461485,-0.002306923818187394,NA,NA
ES,2016-10-01,-0.34250200989099544,-0.0012198832615144398,NA,NA
ES,2017-01-01,-0.321074278777725,0.006808562672281906,NA,NA
ES,2017-04-01,-0.2960795747980509,0.01573725430459527,NA,NA
ES,2017-07-01,-0.2683712939211432,0.02239015761601247,NA,NA
ES,2017-10-01,-0.23879273263540535,0.03186499486916027,NA,NA
ES,2018-01-01,-0.20815680686129787,0.049905531114864315,NA,NA
ES,2018-04-01,-0.1772275927344937,0.07223579532426806,NA,NA
ES,2018-07-01,-0.14670412664454455,0.08760580153544566,NA,NA
ES,2018-10-01,-0.11720681879126059,0.09397735101026858,NA,NA
ES,2019-01-01,-0.08926674357933316,0.10612377801391183,NA,NA
ES,2019-04-01,-0.06331797452250865,0.13813405087045455,NA,NA
ES,2019-07-01,-0.03969303413901171,0.17553327329032295,NA,NA
ES,2019-10-01,-0.018621433707547957,0.17229979612513974,NA,NA
ES,2020-01-01,-2.3118668506705298e-4,0.08741575683999424,NA,NA
ES,2020-04-01,0.015446904213443136,-0.06926920114598435,NA,NA
ES,2020-07-01,0.02847246041005197,-0.23034627269585944,NA,NA
ES,2020-10-01,0.03898657794365046,-0.3172964239093544,NA,NA
ES,2021-01-01,0.0472011009019658,-0.29992198460680625,NA,NA
ES,2021-04-01,0.053386538652641063,-0.21355352504509081,NA,NA
ES,2021-07-01,0.057859067864345054,-0.12070313389644542,NA,NA
ES,2021-10-01,0.06096706557043416,-0.05809078106924672,NA,NA
ES,2022-01-01,0.0630776103528575,-0.01928335906263994,NA,NA
ES,2022-04-01,0.06456336602104837,0.01887101886652978,NA,NA
ES,2022-07-01,0.06579022725340575,0.06231627879514013,NA,NA
ES,2022-10-01,0.06710606123801507,0.09483702049476582,NA,NA
ES,2023-01-01,0.06883082536180449,0.10069368935033988,NA,NA
ES,2023-04-01,0.07124828063038244,0.08406454058512342,NA,NA
ES,2023-07-01,0.07459945605919568,0.06395877707558141,NA,NA
ES,2023-10-01,0.0790779531092681,0.054369151097451704,NA,NA
ES,2024-01-01,0.08482711365819232,0.053806868974945514,NA,NA
ES,2024-04-01,0.0919390121930134,0.05306490059632781,NA,NA
ES,2024-07-01,0.10045517489148983,0.048096309156989134,NA,NA
ES,2024-10-01,0.11036887677612903,0.04257050518828678,NA,NA
ES,2025-01-01,0.12162882463270527,0.04044423940662394,NA,NA
ES,2025-04-01,0.13414399899089444,0.040343319412897066,NA,NA
ES,2025-07-01,0.14778940391050008,0.03807633420129868,NA,NA
ES,2025-10-01,NA,0.03178707195718754,NA,NA
ES,2026-01-01,NA,0.02238068436686135,NA,NA
GB,1915-01-01,NA,-5.166978443055e-4,NA,NA
GB,1915-04-01,NA,-9.041497998484618e-4,NA,NA
GB,1915-07-01,NA,-7.504197426248468e-4,NA,NA
GB,1915-10-01,NA,-1.6655266777858757e-4,NA,NA
GB,1916-01-01,NA,3.6202073636652646e-4,NA,NA
GB,1916-04-01,NA,6.357064850757051e-4,NA,NA
GB,1916-07-01,NA,0.0010012685161698899,NA,NA
GB,1916-10-01,NA,0.0018489550298906997,NA,NA
GB,1917-01-01,NA,0.00303864265475042,NA,NA
GB,1917-04-01,NA,0.004051441364599118,NA,NA
GB,1917-07-01,NA,0.004663580884336126,NA,NA
GB,1917-10-01,NA,0.005213732439273514,NA,NA
GB,1918-01-01,NA,0.006091590633780069,NA,NA
GB,1918-04-01,NA,0.007152605736287444,NA,NA
GB,1918-07-01,NA,0.00787171032249324,NA,NA
GB,1918-10-01,NA,0.008030395399247303,NA,NA
GB,1919-01-01,NA,0.007990038849784746,NA,NA
GB,1919-04-01,NA,0.008170401809169522,NA,NA
GB,1919-07-01,NA,0.00845120355424151,NA,NA
GB,1919-10-01,NA,0.00832686337258229,NA,NA
GB,1920-01-01,NA,0.007606333337351144,NA,NA
GB,1920-04-01,NA,0.006691886189526028,NA,NA
GB,1920-07-01,NA,0.006046388034824608,NA,NA
GB,1920-10-01,NA,0.005580547369964938,NA,NA
GB,1921-01-01,NA,0.004808360401141361,NA,NA
GB,1921-04-01,NA,0.003560259151655146,NA,NA
GB,1921-07-01,NA,0.002267902518288161,NA,NA
GB,1921-10-01,NA,0.001420189308089917,NA,NA
GB,1922-01-01,NA,9.361185836778737e-4,NA,NA
GB,1922-04-01,NA,3.217645595225924e-4,NA,NA
GB,1922-07-01,NA,-6.015652305730432e-4,NA,NA
GB,1922-10-01,NA,-0.0014049701196357498,NA,NA
GB,1923-01-01,NA,-0.001606425314213863,NA,NA
GB,1923-04-01,NA,-0.0013117636524453398,NA,NA
GB,1923-07-01,NA,-0.0010548856442448812,NA,NA
GB,1923-10-01,NA,-0.0010525951327545627,NA,NA
GB,1924-01-01,NA,-9.030515797016891e-4,NA,NA
GB,1924-04-01,NA,-1.5020348453362864e-4,NA,NA
GB,1924-07-01,NA,0.0010614084071671993,NA,NA
GB,1924-10-01,NA,0.0021498568459560495,NA,NA
GB,1925-01-01,NA,0.0028591896700961047,NA,NA
GB,1925-04-01,NA,0.0035708033925035115,NA,NA
GB,1925-07-01,NA,0.004728371922274751,NA,NA
GB,1925-10-01,NA,0.006167930129948143,NA,NA
GB,1926-01-01,NA,0.0072838130366062286,NA,NA
GB,1926-04-01,NA,0.007810219162499268,NA,NA
GB,1926-07-01,NA,0.008141908881763181,NA,NA
GB,1926-10-01,NA,0.008746695081040404,NA,NA
GB,1927-01-01,NA,0.009478100535389932,NA,NA
GB,1927-04-01,NA,0.009742588640955913,NA,NA
GB,1927-07-01,NA,0.009298889032378634,NA,NA
GB,1927-10-01,NA,0.008587304415701782,NA,NA
GB,1928-01-01,NA,0.008127896106997306,NA,NA
GB,1928-04-01,NA,0.007813543049321987,NA,NA
GB,1928-07-01,NA,0.00707749956669246,NA,NA
GB,1928-10-01,NA,0.0057108702756773055,NA,NA
GB,1929-01-01,NA,0.004200835685898622,NA,NA
GB,1929-04-01,NA,0.003113749287454667,NA,NA
GB,1929-07-01,NA,0.0023675866143182825,NA,NA
GB,1929-10-01,NA,0.0014002102574153556,NA,NA
GB,1930-01-01,NA,6.893709715657104e-6,NA,NA
GB,1930-04-01,NA,-0.0013107376602169533,NA,NA
GB,1930-07-01,NA,-0.0019762021932329308,NA,NA
GB,1930-10-01,NA,-0.0020862473958270316,NA,NA
GB,1931-01-01,NA,-0.0022404730408269744,NA,NA
GB,1931-04-01,NA,-0.002680896395568982,NA,NA
GB,1931-07-01,NA,-0.0029297945043480246,NA,NA
GB,1931-10-01,NA,-0.0024350246926035522,NA,NA
GB,1932-01-01,NA,-0.0013386720944200722,NA,NA
GB,1932-04-01,NA,-3.034342759784407e-4,NA,NA
GB,1932-07-01,NA,3.7319230016529556e-4,NA,NA
GB,1932-10-01,NA,0.0011361103938813118,NA,NA
GB,1933-01-01,NA,0.002513134595099321,NA,NA
GB,1933-04-01,NA,0.0043243312580360654,NA,NA
GB,1933-07-01,NA,0.0058585471979778975,NA,NA
GB,1933-10-01,NA,0.0067857078357322995,NA,NA
GB,1934-01-01,NA,0.007549452054659837,NA,NA
GB,1934-04-01,NA,0.008691494884335835,NA,NA
GB,1934-07-01,NA,0.010035801029287932,NA,NA
GB,1934-10-01,NA,0.010866275004131617,NA,NA
GB,1935-01-01,NA,0.010865638028324255,NA,NA
GB,1935-04-01,NA,0.01052310237725065,NA,NA
GB,1935-07-01,NA,0.01043981782813191,NA,NA
GB,1935-10-01,NA,0.01048408426652504,NA,NA
GB,1936-01-01,NA,0.009968304383286967,NA,NA
GB,1936-04-01,NA,0.008614993927883417,NA,NA
GB,1936-07-01,NA,0.006979875838729702,NA,NA
GB,1936-10-01,NA,0.005736423230892107,NA,NA
GB,1937-01-01,NA,0.004799181525468081,NA,NA
GB,1937-04-01,NA,0.003499389867901716,NA,NA
GB,1937-07-01,NA,0.0015805095753173638,NA,NA
GB,1937-10-01,NA,-3.6091929098572815e-4,NA,NA
GB,1938-01-01,NA,-0.0016119568606038496,NA,NA
GB,1938-04-01,NA,-0.002253327306232363,NA,NA
GB,1938-07-01,NA,-0.002984118763990474,NA,NA
GB,1938-10-01,NA,-0.00409247270734712,NA,NA
GB,1939-01-01,NA,-0.0049929273579702215,NA,NA
GB,1939-04-01,NA,-0.00498362664367298,NA,NA
GB,1939-07-01,NA,-0.004190847548911264,NA,NA
GB,1939-10-01,NA,-0.0033926512127782867,NA,NA
GB,1940-01-01,NA,-0.002951026393744401,NA,NA
GB,1940-04-01,NA,-0.0023232412414987145,NA,NA
GB,1940-07-01,NA,-8.396296399435352e-4,NA,NA
GB,1940-10-01,NA,0.0013148787615127405,NA,NA
GB,1941-01-01,NA,0.0032780707786778077,NA,NA
GB,1941-04-01,NA,0.004620498264660528,NA,NA
GB,1941-07-01,NA,0.005863013889060398,NA,NA
GB,1941-10-01,NA,0.007676261051480287,NA,NA
GB,1942-01-01,NA,0.009856940368649137,NA,NA
GB,1942-04-01,NA,0.011503713924420653,NA,NA
GB,1942-07-01,NA,0.012171640459713362,NA,NA
GB,1942-10-01,NA,0.01242026042590087,NA,NA
GB,1943-01-01,NA,0.01298639816936884,NA,NA
GB,1943-04-01,NA,0.013710873796381567,NA,NA
GB,1943-07-01,NA,0.01370928156382995,NA,NA
GB,1943-10-01,NA,0.012573017261935018,NA,NA
GB,1944-01-01,NA,0.01095012231432632,NA,NA
GB,1944-04-01,NA,0.009687413152454909,NA,NA
GB,1944-07-01,NA,0.008699895503903822,NA,NA
GB,1944-10-01,NA,0.007133291927670157,NA,NA
GB,1945-01-01,NA,0.004616102897467296,NA,NA
GB,1945-04-01,NA,0.0018781925867575409,NA,NA
GB,1945-07-01,NA,-1.399563270953734e-4,NA,NA
GB,1945-10-01,NA,-0.0014819425410185993,NA,NA
GB,1946-01-01,NA,-0.0030225379576200055,NA,NA
GB,1946-04-01,NA,-0.0051567014608434394,NA,NA
GB,1946-07-01,NA,-0.007134552842268646,NA,NA
GB,1946-10-01,NA,-0.007985254069861182,NA,NA
GB,1947-01-01,NA,-0.007782366581931618,NA,NA
GB,1947-04-01,NA,-0.007501084427949962,NA,NA
GB,1947-07-01,NA,-0.0076377475292279135,NA,NA
GB,1947-10-01,NA,-0.007486928173639519,NA,NA
GB,1948-01-01,NA,-0.006098592736753143,NA,NA
GB,1948-04-01,NA,-0.003623043799909017,NA,NA
GB,1948-07-01,NA,-0.0011806014063769266,NA,NA
GB,1948-10-01,NA,5.997016862437308e-4,NA,NA
GB,1949-01-01,NA,0.0023734266613800285,NA,NA
GB,1949-04-01,NA,0.005087867583840717,NA,NA
GB,1949-07-01,NA,0.00854310887277258,NA,NA
GB,1949-10-01,NA,0.011503233088737637,NA,NA
GB,1950-01-01,NA,0.013249459156684412,NA,NA
GB,1950-04-01,NA,0.014457214085938317,NA,NA
GB,1950-07-01,NA,0.016161991305587122,NA,NA
GB,1950-10-01,NA,0.01820473870253682,NA,NA
GB,1951-01-01,NA,0.01931208308614639,NA,NA
GB,1951-04-01,NA,0.01875357671900493,NA,NA
GB,1951-07-01,NA,0.017319653783031512,NA,NA
GB,1951-10-01,NA,0.016239068514400785,NA,NA
GB,1952-01-01,NA,0.015479486518188222,NA,NA
GB,1952-04-01,NA,0.013780360743555473,NA,NA
GB,1952-07-01,NA,0.010431946881244342,NA,NA
GB,1952-10-01,NA,0.006380836990652119,NA,NA
GB,1953-01-01,NA,0.00309338154562984,NA,NA
GB,1953-04-01,NA,6.741105915012723e-4,NA,NA
GB,1953-07-01,NA,-0.002169735399180015,NA,NA
GB,1953-10-01,NA,-0.006199291787310212,NA,NA
GB,1954-01-01,NA,-0.010366979046957141,NA,NA
GB,1954-04-01,NA,-0.0130086397793293,NA,NA
GB,1954-07-01,NA,-0.013958129328210448,NA,NA
GB,1954-10-01,NA,-0.014681576211580576,NA,NA
GB,1955-01-01,NA,-0.0161552095871919,NA,NA
GB,1955-04-01,NA,-0.017345011644912974,NA,NA
GB,1955-07-01,NA,-0.01645085597704082,NA,NA
GB,1955-10-01,NA,-0.013332867123832347,NA,NA
GB,1956-01-01,NA,-0.009798690267212183,NA,NA
GB,1956-04-01,NA,-0.00722339628481943,NA,NA
GB,1956-07-01,NA,-0.004665710184090749,NA,NA
GB,1956-10-01,NA,-1.5252907206350606e-4,NA,NA
GB,1957-01-01,NA,0.0064440873494708405,NA,NA
GB,1957-04-01,NA,0.012853873076332218,NA,NA
GB,1957-07-01,NA,0.01714660280849607,NA,NA
GB,1957-10-01,NA,0.020205912165201644,NA,NA
GB,1958-01-01,NA,0.024444242534130727,NA,NA
GB,1958-04-01,NA,0.0301972573946611,NA,NA
GB,1958-07-01,NA,0.03462962794854306,NA,NA
GB,1958-10-01,NA,0.03500314511913653,NA,NA
GB,1959-01-01,NA,0.032281039427784236,NA,NA
GB,1959-04-01,NA,0.030038236410170203,NA,NA
GB,1959-07-01,NA,0.02944688615440791,NA,NA
GB,1959-10-01,NA,0.026675199126264586,NA,NA
GB,1960-01-01,NA,0.016893026650317573,NA,NA
GB,1960-04-01,NA,0.0010661816253272284,NA,NA
GB,1960-07-01,NA,-0.012561938550236637,NA,NA
GB,1960-10-01,NA,-0.015191686962052338,NA,NA
GB,1961-01-01,NA,-0.006069105981466766,NA,NA
GB,1961-04-01,NA,0.005957318150822551,NA,NA
GB,1961-07-01,NA,0.009649860438270378,NA,NA
GB,1961-10-01,NA,1.2662265640145444e-4,NA,NA
GB,1962-01-01,NA,-0.01897366677063664,NA,NA
GB,1962-04-01,NA,-0.04043637167027487,NA,NA
GB,1962-07-01,NA,-0.05900979169921954,NA,NA
GB,1962-10-01,NA,-0.07205188591298549,NA,NA
GB,1963-01-01,NA,-0.0766262566000534,NA,NA
GB,1963-04-01,NA,-0.06847882922950203,NA,NA
GB,1963-07-01,NA,-0.04525709074803189,NA,NA
GB,1963-10-01,NA,-0.010454378354818689,NA,NA
GB,1964-01-01,NA,0.026880600641296902,NA,NA
GB,1964-04-01,NA,0.057128893364531474,NA,NA
GB,1964-07-01,NA,0.07526150383982916,NA,NA
GB,1964-10-01,NA,0.08178322791780175,NA,NA
GB,1965-01-01,NA,0.07970544124412848,NA,NA
GB,1965-04-01,NA,0.07144983008578068,NA,NA
GB,1965-07-01,NA,0.05851012848421859,NA,NA
GB,1965-10-01,NA,0.04283839901351167,NA,NA
GB,1966-01-01,NA,0.027080655843015958,NA,NA
GB,1966-04-01,NA,0.012871387644423674,NA,NA
GB,1966-07-01,NA,-5.198373432547682e-4,NA,NA
GB,1966-10-01,NA,-0.014825741555132266,NA,NA
GB,1967-01-01,NA,-0.029552833567228414,NA,NA
GB,1967-04-01,NA,-0.04042921691265703,NA,NA
GB,1967-07-01,NA,-0.04181384870826002,NA,NA
GB,1967-10-01,NA,-0.031225022008341808,NA,NA
GB,1968-01-01,NA,-0.011715277269633666,NA,NA
GB,1968-04-01,-0.022636381535208333,0.010049881570060648,NA,NA
GB,1968-07-01,-0.029599447734344093,0.02777095222271692,NA,regular
GB,1968-10-01,-0.031649113521611545,0.03766592759079175,NA,NA
GB,1969-01-01,-0.02849511525565073,0.03778439779784964,NA,NA
GB,1969-04-01,-0.019990868695234282,0.027152546506482664,NA,NA
GB,1969-07-01,-0.006141856343404978,0.007107330066973636,NA,NA
GB,1969-10-01,0.012890503095429209,-0.016824002566665143,NA,NA
GB,1970-01-01,0.03678969935046263,-0.036376612267999334,NA,NA
GB,1970-04-01,0.065089735628893,-0.04588919717885488,NA,NA
GB,1970-07-01,0.09718538724037865,-0.04664442981822575,NA,NA
GB,1970-10-01,0.1323468556517063,-0.04496373636497787,NA,NA
GB,1971-01-01,0.16973841539969586,-0.04531817628301579,NA,NA
GB,1971-04-01,0.20844051865221733,-0.04592035563232887,NA,NA
GB,1971-07-01,0.2474747058841489,-0.041996576475282835,NA,NA
GB,1971-10-01,0.2858305751464296,-0.03273686226240539,NA,NA
GB,1972-01-01,0.3224939901185394,-0.022677924100131534,NA,NA
GB,1972-04-01,0.3564756611417501,-0.014505256219711823,NA,NA
GB,1972-07-01,0.3868392154597728,-0.001717355410297848,NA,NA
GB,1972-10-01,0.41272788374078123,0.027856524052548667,NA,NA
GB,1973-01-01,0.43338896945081584,0.07813142175480914,NA,NA
GB,1973-04-01,0.44819533465781575,0.1344453095479424,NA,NA
GB,1973-07-01,0.4566632282988282,0.1700931033006365,NA,NA
GB,1973-10-01,0.4584658979017954,0.1664474464441281,regular,NA
GB,1974-01-01,0.45344255950448065,0.12819459516325946,NA,NA
GB,1974-04-01,0.4416024486901712,0.07858874691927911,NA,NA
GB,1974-07-01,0.4231238333879357,0.03911399437441763,NA,NA
GB,1974-10-01,0.39834803114390444,0.013200815265464627,NA,NA
GB,1975-01-01,0.3677686345686748,-0.011299231061158297,NA,NA
GB,1975-04-01,0.3320163032260523,-0.04548198846933179,NA,NA
GB,1975-07-01,0.2918396231663194,-0.08625554192003457,NA,NA
GB,1975-10-01,0.24808266181135233,-0.1186436574367981,NA,NA
GB,1976-01-01,0.2016599516943451,-0.1290770307555751,NA,NA
GB,1976-04-01,0.15352971805324273,-0.11595356929080271,NA,NA
GB,1976-07-01,0.10466621969290349,-0.08920228609429397,NA,NA
GB,1976-10-01,0.05603209799191817,-0.0620915683566431,NA,NA
GB,1977-01-01,0.008551624535011683,-0.043546501661514844,NA,NA
GB,1977-04-01,-0.0369142962921162,-0.03536592153835068,NA,NA
GB,1977-07-01,-0.07959057618754903,-0.033304565640306344,NA,NA
GB,1977-10-01,-0.11880713906630769,-0.029919435542259218,NA,NA
GB,1978-01-01,-0.15401427309372231,-0.018507784503983216,NA,NA
GB,1978-04-01,-0.18479367991306578,0.002989906119486962,NA,NA
GB,1978-07-01,-0.2108649102873819,0.030979286761253864,NA,NA
GB,1978-10-01,-0.23208703358157806,0.05967319166707601,NA,NA
GB,1979-01-01,-0.2484555516349244,0.08593901436430251,NA,NA
GB,1979-04-01,-0.2600947300767003,0.110044145798985,NA,NA
GB,1979-07-01,-0.2672456764905687,0.1310112362510227,NA,NA
GB,1979-10-01,-0.27025063970760527,0.14215555833124038,NA,NA
GB,1980-01-01,-0.26953413295655354,0.13339934608286433,NA,regular
GB,1980-04-01,-0.26558159122655933,0.09979350416117817,NA,NA
GB,1980-07-01,-0.25891635630800997,0.04805823461943254,NA,NA
GB,1980-10-01,-0.25007583870604216,-0.006023213283469908,NA,NA
GB,1981-01-01,-0.2395877320321458,-0.04748951461800588,NA,NA
GB,1981-04-01,-0.22794715163170615,-0.07041933914372389,NA,NA
GB,1981-07-01,-0.21559553518901015,-0.07803471640693115,NA,NA
GB,1981-10-01,-0.20290207998486148,-0.07681941571332557,NA,NA
GB,1982-01-01,-0.19014840147671103,-0.0715215466245208,NA,NA
GB,1982-04-01,-0.17751698396071247,-0.06446679367688023,NA,NA
GB,1982-07-01,-0.16508386011347093,-0.05666748200600173,NA,NA
GB,1982-10-01,-0.15281580674325673,-0.04746554097097452,NA,NA
GB,1983-01-01,-0.14057218418790463,-0.033795211669974824,NA,NA
GB,1983-04-01,-0.12811138192626717,-0.012508909606204339,NA,NA
GB,1983-07-01,-0.11510166874891514,0.014581006127205792,NA,NA
GB,1983-10-01,-0.10113608787795125,0.038519086973883565,NA,NA
GB,1984-01-01,-0.08575089114988062,0.04840377001245125,NA,NA
GB,1984-04-01,-0.06844687680823726,0.040764439424301496,NA,NA
GB,1984-07-01,-0.048712887065999036,0.024020520289067322,NA,NA
GB,1984-10-01,-0.026050638154422878,0.01247124264707645,NA,NA
GB,1985-01-01,0,0.014499343144583034,NA,NA
GB,1985-04-01,0.02983618304741914,0.025843528948909036,NA,NA
GB,1985-07-01,0.06376863389232823,0.03406309140885612,NA,NA
GB,1985-10-01,0.1020004143327445,0.029515076118010655,NA,NA
GB,1986-01-01,0.14460872862925947,0.01250371607638565,NA,NA
GB,1986-04-01,0.19153046779661606,-0.008896243511058343,NA,NA
GB,1986-07-01,0.24255208567526124,-0.026381510381687654,NA,NA
GB,1986-10-01,0.29730425940450816,-0.03634926952520793,NA,NA
GB,1987-01-01,0.3552616323414257,-0.03885376794108821,NA,NA
GB,1987-04-01,0.4157477718559798,-0.0341791818437015,NA,NA
GB,1987-07-01,0.4779453032639803,-0.022054168397031084,NA,NA
GB,1987-10-01,0.5409110101066817,-0.003893722664042526,NA,NA
GB,1988-01-01,0.6035955257217452,0.01583384162875991,NA,NA
GB,1988-04-01,0.6648670870575611,0.03176542085134955,NA,NA
GB,1988-07-01,0.7235386840717847,0.041251069799920735,NA,NA
GB,1988-10-01,0.7783978213922246,0.045349227530761316,NA,NA
GB,1989-01-01,0.8282380170758145,0.046345762758892656,NA,NA
GB,1989-04-01,0.8718910993279496,0.0451034653566038,NA,NA
GB,1989-07-01,0.908259328065404,0.04134499690573096,NA,NA
GB,1989-10-01,0.9363463653545868,0.03577429380149463,NA,NA
GB,1990-01-01,0.9552861471388261,0.030360272071752483,NA,NA
GB,1990-04-01,0.9643687673611724,0.025711618841183007,NA,NA
GB,1990-07-01,0.9630625726757752,0.01896950447090951,NA,NA
GB,1990-10-01,0.9510317785764598,0.0058845638857793975,regular,NA
GB,1991-01-01,0.9281490522808777,-0.014240439124368294,NA,NA
GB,1991-04-01,0.8945026597127872,-0.03626576129917148,NA,NA
GB,1991-07-01,0.8503979384869612,-0.052828324026074305,NA,NA
GB,1991-10-01,0.7963530305932945,-0.06042769859249246,NA,NA
GB,1992-01-01,0.733088981958546,-0.06143296777365998,NA,NA
GB,1992-04-01,0.6615144856670051,-0.05998635620244414,NA,NA
GB,1992-07-01,0.5827057059322652,-0.05680937425802371,NA,NA
GB,1992-10-01,0.4978817658519861,-0.048991450649210004,NA,NA
GB,1993-01-01,0.4083766089662357,-0.034604795958797445,NA,NA
GB,1993-04-01,0.3156080487451943,-0.01608575175750964,NA,NA
GB,1993-07-01,0.2210448981937599,0.001951641573588376,NA,NA
GB,1993-10-01,0.1261731214901321,0.017638965101477735,NA,NA
GB,1994-01-01,0.032461969623920964,0.03312282358678973,NA,NA
GB,1994-04-01,-0.058668948005360495,0.05039625672113951,NA,NA
GB,1994-07-01,-0.14588074351773342,0.0669192805382356,NA,NA
GB,1994-10-01,-0.2279436368315422,0.07676285654490211,NA,NA
GB,1995-01-01,-0.30376189587789226,0.07623643992356507,NA,NA
GB,1995-04-01,-0.37239469327952285,0.06734826776994987,NA,NA
GB,1995-07-01,-0.4330723752023129,0.05506319773649999,NA,NA
GB,1995-10-01,-0.48520778501406203,0.04191601864433347,NA,NA
GB,1996-01-01,-0.5284024401738684,0.02662403876153972,NA,NA
GB,1996-04-01,-0.56244752031248,0.008140732849197004,NA,NA
GB,1996-07-01,-0.5873197825783647,-0.010288446239987646,NA,NA
GB,1996-10-01,-0.6031726719593729,-0.022485706381034084,NA,NA
GB,1997-01-01,-0.6103230346698506,-0.024803351539798978,NA,NA
GB,1997-04-01,-0.6092339674772872,-0.019424753683324837,NA,NA
GB,1997-07-01,-0.6004944412640706,-0.012028782012455566,NA,regular
GB,1997-10-01,-0.5847964201026931,-0.00703262166468943,NA,NA
GB,1998-01-01,-0.562910255374563,-0.005828920236002106,NA,NA
GB,1998-04-01,-0.5356591665401671,-0.008873157961885484,NA,NA
GB,1998-07-01,-0.5038936255133002,-0.01745078969867227,NA,NA
GB,1998-10-01,-0.4684664405365281,-0.03189540223907582,NA,NA
GB,1999-01-01,-0.430209289197218,-0.04839002234716352,NA,NA
GB,1999-04-01,-0.3899113807744773,-0.059118750374823135,NA,NA
GB,1999-07-01,-0.348300838211437,-0.056994449824302046,NA,NA
GB,1999-10-01,-0.3060292830383532,-0.040848810121768685,NA,NA
GB,2000-01-01,-0.26365998641041966,-0.016226122171703,NA,NA
GB,2000-04-01,-0.2216598203185009,0.008635368788578682,NA,NA
GB,2000-07-01,-0.18039510944914733,0.027725776586966396,NA,NA
GB,2000-10-01,-0.14013135064566135,0.03933113697499972,NA,NA
GB,2001-01-01,-0.10103663789997416,0.04487077299849089,NA,NA
GB,2001-04-01,-0.0631885104946085,0.04657337801747487,NA,NA
GB,2001-07-01,-0.0265838341499135,0.04581115595021309,NA,NA
GB,2001-10-01,0.008848766848032411,0.04263374830044352,NA,NA
GB,2002-01-01,0.043234481821746905,0.03644223183640505,NA,NA
GB,2002-04-01,0.07673649804381452,0.02743508642794001,NA,NA
GB,2002-07-01,0.10953943570071828,0.017716386750517798,NA,NA
GB,2002-10-01,0.14183267998749105,0.010696229331093892,NA,NA
GB,2003-01-01,0.17379424258651138,0.00881458494776637,NA,NA
GB,2003-04-01,0.2055757492003279,0.011586254930294132,NA,NA
GB,2003-07-01,0.23728909458019118,0.015932996967254434,NA,NA
GB,2003-10-01,0.2689952339348527,0.01835796469353755,NA,NA
GB,2004-01-01,0.300695492574816,0.01663539150996771,NA,NA
GB,2004-04-01,0.3323256774346705,0.009814476423588342,NA,NA
GB,2004-07-01,0.3637531683207277,-0.0021279256194885396,NA,NA
GB,2004-10-01,0.3947770571349075,-0.017440892476377225,NA,NA
GB,2005-01-01,0.4251312937590472,-0.03164049113048137,NA,NA
GB,2005-04-01,0.4544906914928487,-0.0390723997653643,NA,NA
GB,2005-07-01,0.4824795464590187,-0.0370878677031187,NA,NA
GB,2005-10-01,0.5086825374283245,-0.028958897954706325,NA,NA
GB,2006-01-01,0.5326574978516178,-0.02176277219840799,NA,NA
GB,2006-04-01,0.5539495927741934,-0.020507691296648877,NA,NA
GB,2006-07-01,0.5721063914248851,-0.024038803215723666,NA,NA
GB,2006-10-01,0.5866933026638731,-0.026411135161437126,NA,NA
GB,2007-01-01,0.5973088355340194,-0.02156726597430665,NA,NA
GB,2007-04-01,0.6035991606353638,-0.00646361129841139,NA,NA
GB,2007-07-01,0.6052714790495282,0.018832269795703405,weak,NA
GB,2007-10-01,0.6021057526170274,0.05124838447192961,NA,NA
GB,2008-01-01,0.5939644105355719,0.0831499805754112,NA,NA
GB,2008-04-01,0.5807997200847307,0.10201521316620704,NA,NA
GB,2008-07-01,0.5626585910332145,0.09540425125954526,NA,NA
GB,2008-10-01,0.5396846709531665,0.05971244352440357,NA,NA
GB,2009-01-01,0.5121176791270753,0.005202158657996303,NA,NA
GB,2009-04-01,0.48029001684742995,-0.04844743257264007,NA,NA
GB,2009-07-01,0.4446207786313574,-0.08316876033773166,NA,NA
GB,2009-10-01,0.40560736935464686,-0.09116459346717934,NA,NA
GB,2010-01-01,0.3638150039967644,-0.07549040170063796,NA,NA
GB,2010-04-01,0.31986442739993814,-0.04503184335560603,NA,NA
GB,2010-07-01,0.27441823944115645,-0.009903405561414074,NA,NA
GB,2010-10-01,0.2281662450458823,0.020526292651254222,NA,NA
GB,2011-01-01,0.18181026780671625,0.03934093019843034,NA,NA
GB,2011-04-01,0.13604887041096553,0.044861862238458214,NA,NA
GB,2011-07-01,0.09156241495332151,0.041732294383525895,NA,NA
GB,2011-10-01,0.04899887233564848,0.03739726620401241,NA,NA
GB,2012-01-01,0.008960753610311003,0.03617271258141712,NA,NA
GB,2012-04-01,-0.028006511024183514,0.03663683024507142,NA,NA
GB,2012-07-01,-0.06142447582412733,0.034716132466175616,NA,NA
GB,2012-10-01,-0.09088965848106188,0.0284481665779546,NA,NA
GB,2013-01-01,-0.11607945398736655,0.019139859363497175,NA,NA
GB,2013-04-01,-0.1367559113531454,0.008870549682782431,NA,NA
GB,2013-07-01,-0.15276736891533693,-0.0012793540336487291,NA,NA
GB,2013-10-01,-0.16404800875959027,-0.010094213721590754,NA,weak
GB,2014-01-01,-0.17061545044495996,-0.015132124167277375,NA,NA
GB,2014-04-01,-0.17256655693101602,-0.014823417425637189,NA,NA
GB,2014-07-01,-0.17007166983068778,-0.011610471091847173,NA,NA
GB,2014-10-01,-0.16336752569326413,-0.011104718236812814,NA,NA
GB,2015-01-01,-0.15274912920276798,-0.016853670629768377,NA,NA
GB,2015-04-01,-0.13856087261301864,-0.026664215759789618,NA,NA
GB,2015-07-01,-0.12118719349929588,-0.03529244977145018,NA,NA
GB,2015-10-01,-0.10104305544921133,-0.04025891898094211,NA,NA
GB,2016-01-01,-0.0785645194665823,-0.043261330129636975,NA,NA
GB,2016-04-01,-0.05419964876455383,-0.0455343071546184,NA,NA
GB,2016-07-01,-0.028399957683808395,-0.04400791971891343,NA,NA
GB,2016-10-01,-0.0016125782937325504,-0.03427564509237325,NA,NA
GB,2017-01-01,0.02572672244588716,-0.01665660753639854,NA,NA
GB,2017-04-01,0.053199584474947166,0.00350528377099764,NA,NA
GB,2017-07-01,0.08041010720895353,0.02251945796041338,NA,NA
GB,2017-10-01,0.10698890529561947,0.04259963449137771,NA,NA
GB,2018-01-01,0.1325961972031589,0.06646352948241191,NA,NA
GB,2018-04-01,0.15692398890535647,0.08915190557054943,NA,NA
GB,2018-07-01,0.1796974418157386,0.10069342635786366,NA,NA
GB,2018-10-01,0.20067553448735853,0.10013172951143055,NA,NA
GB,2019-01-01,0.21965114095099333,0.10278928552261098,NA,NA
GB,2019-04-01,0.2364506547492925,0.12496044775787758,NA,NA
GB,2019-07-01,0.25093328689172595,0.15694745848085723,NA,NA
GB,2019-10-01,0.2629901585606067,0.15650718395955168,NA,NA
GB,2020-01-01,0.272543296170779,0.08020491561637681,NA,NA
GB,2020-04-01,0.2795446182879728,-0.0706544656747609,NA,NA
GB,2020-07-01,0.28397498209337535,-0.23554327556511828,weak,NA
GB,2020-10-01,0.2858433328273092,-0.3324228107356665,NA,NA
GB,2021-01-01,0.2851859743095382,-0.3175337333263395,NA,NA
GB,2021-04-01,0.2820659535874819,-0.21403919838980345,NA,NA
GB,2021-07-01,0.27657252932950926,-0.08630208143545381,NA,NA
GB,2021-10-01,0.2688206729776593,0.0118813509365853,NA,NA
GB,2022-01-01,0.25895053496607456,0.06712102236708398,NA,NA
GB,2022-04-01,0.24712679636137916,0.09520947018436034,NA,NA
GB,2022-07-01,0.2335378197167749,0.11161082339514632,NA,NA
GB,2022-10-01,0.21839451211951696,0.11709025334084744,NA,NA
GB,2023-01-01,0.20192881844377775,0.10666364842637803,NA,NA
GB,2023-04-01,0.18439177351303324,0.08312786943999469,NA,NA
GB,2023-07-01,0.16605105777612225,0.05713611541747933,NA,NA
GB,2023-10-01,0.1471880215107192,0.03677027364247004,NA,NA
GB,2024-01-01,0.1280941665734015,0.021905580766837972,NA,NA
GB,2024-04-01,0.10906710122761998,0.00944100137716901,NA,NA
GB,2024-07-01,0.09040601138226517,2.935977966823634e-4,NA,NA
GB,2024-10-01,0.07240671937091991,-0.001778355783976672,NA,NA
GB,2025-01-01,0.055356427881780086,0.0030237876601691732,NA,NA
GB,2025-04-01,0.03952827053317243,0.008390045743277598,NA,NA
GB,2025-07-01,0.0251758106931491,0.007866698970346987,NA,NA
GB,2025-10-01,NA,0.0013104975730740243,NA,NA
GB,2026-01-01,NA,-0.006179904421665215,NA,NA
GB,2026-04-01,NA,-0.01083767173399253,NA,NA
JP,1946-01-01,NA,-3.918233160739023e-4,NA,NA
JP,1946-04-01,NA,-9.916498993839348e-4,NA,NA
JP,1946-07-01,NA,-0.001639373849669781,NA,NA
JP,1946-10-01,NA,-0.0021724676986625735,NA,NA
JP,1947-01-01,NA,-0.002623266625261948,NA,NA
JP,1947-04-01,NA,-0.0031457638148959877,NA,NA
JP,1947-07-01,NA,-0.0037727204517684428,NA,NA
JP,1947-10-01,NA,-0.0043398008569250955,NA,NA
JP,1948-01-01,NA,-0.004684167970587066,NA,NA
JP,1948-04-01,NA,-0.0048452018117205375,NA,NA
JP,1948-07-01,NA,-0.004990126325150415,NA,NA
JP,1948-10-01,NA,-0.005166633690078364,NA,NA
JP,1949-01-01,NA,-0.005224920187702415,NA,NA
JP,1949-04-01,NA,-0.005018840712899737,NA,NA
JP,1949-07-01,NA,-0.0046095076531172145,NA,NA
JP,1949-10-01,NA,-0.004189143453415409,NA,NA
JP,1950-01-01,NA,-0.0038286023092707964,NA,NA
JP,1950-04-01,NA,-0.0033968851025058954,NA,NA
JP,1950-07-01,NA,-0.002764741317134113,NA,NA
JP,1950-10-01,NA,-0.0020112285976365643,NA,NA
JP,1951-01-01,NA,-0.001345884675084915,NA,NA
JP,1951-04-01,NA,-8.512664365032335e-4,NA,NA
JP,1951-07-01,NA,-4.0027691336838036e-4,NA,NA
JP,1951-10-01,NA,1.3714683200235285e-4,NA,NA
JP,1952-01-01,NA,6.837206399863487e-4,NA,NA
JP,1952-04-01,NA,0.0010335908575768884,NA,NA
JP,1952-07-01,NA,0.0011141227390817872,NA,NA
JP,1952-10-01,NA,0.0010700085748103672,NA,NA
JP,1953-01-01,NA,0.0010525606699034373,NA,NA
JP,1953-04-01,NA,0.001004699373109262,NA,NA
JP,1953-07-01,NA,7.399561715903806e-4,NA,NA
JP,1953-10-01,NA,2.081047970196566e-4,NA,NA
JP,1954-01-01,NA,-4.197285988348385e-4,NA,NA
JP,1954-04-01,NA,-9.662746012590247e-4,NA,NA
JP,1954-07-01,NA,-0.0014682081990742397,NA,NA
JP,1954-10-01,NA,-0.0020969669059130304,NA,NA
JP,1955-01-01,NA,-0.0028889977686524237,NA,NA
JP,1955-04-01,NA,-0.0036592656530584165,NA,NA
JP,1955-07-01,NA,-0.004220626210928966,NA,NA
JP,1955-10-01,NA,-0.004608563649338866,NA,NA
JP,1956-01-01,NA,-0.005001112749793173,NA,NA
JP,1956-04-01,NA,-0.005444005482745925,NA,NA
JP,1956-07-01,NA,-0.005761821106287566,NA,NA
JP,1956-10-01,NA,-0.005780723753699548,NA,NA
JP,1957-01-01,NA,-0.005557115790837863,NA,NA
JP,1957-04-01,NA,-0.005295790458588864,NA,NA
JP,1957-07-01,NA,-0.005068999934837136,NA,NA
JP,1957-10-01,NA,-0.0047244390922226345,NA,NA
JP,1958-01-01,NA,-0.004110891579097097,NA,NA
JP,1958-04-01,NA,-0.0033105673662151207,NA,NA
JP,1958-07-01,NA,-0.0025552448592378457,NA,NA
JP,1958-10-01,NA,-0.0019390150908667558,NA,NA
JP,1959-01-01,NA,-0.0013231077932099415,NA,NA
JP,1959-04-01,NA,-5.648723360513842e-4,NA,NA
JP,1959-07-01,NA,2.455197597476158e-4,NA,NA
JP,1959-10-01,NA,8.702917682623575e-4,NA,NA
JP,1960-01-01,NA,0.0012170549264818157,NA,NA
JP,1960-04-01,NA,0.0014363826333614093,NA,NA
JP,1960-07-01,NA,0.0016884188258092763,NA,NA
JP,1960-10-01,NA,0.0019006077621961384,NA,NA
JP,1961-01-01,NA,0.0018532611545934044,NA,NA
JP,1961-04-01,NA,0.0014775331734913867,NA,NA
JP,1961-07-01,NA,9.546550987783592e-4,NA,NA
JP,1961-10-01,NA,4.7724774546239606e-4,NA,NA
JP,1962-01-01,NA,6.400769902516414e-7,NA,NA
JP,1962-04-01,NA,-6.716897271502657e-4,NA,NA
JP,1962-07-01,NA,-0.0015852155235160548,NA,NA
JP,1962-10-01,NA,-0.002533381000683427,NA,NA
JP,1963-01-01,NA,-0.0033015594103146073,NA,NA
JP,1963-04-01,NA,-0.003922032831623482,NA,NA
JP,1963-07-01,NA,-0.00458816778695217,NA,NA
JP,1963-10-01,NA,-0.005345661965448482,NA,NA
JP,1964-01-01,NA,-0.005988783490923729,NA,NA
JP,1964-04-01,NA,-0.006308736375727195,NA,NA
JP,1964-07-01,NA,-0.006354119043492099,NA,NA
JP,1964-10-01,0.07107233245099037,-0.0063436497369313664,NA,NA
JP,1965-01-01,0.0603350634152819,-0.00635022701223378,NA,NA
JP,1965-04-01,0.051558702008647865,-0.006193142242710143,NA,NA
JP,1965-07-01,0.045201879492788914,-0.005689983336657961,NA,NA
JP,1965-10-01,0.04173758955974569,-0.0049219767670063705,NA,NA
JP,1966-01-01,0.04164062048983214,-0.004144617570589111,NA,NA
JP,1966-04-01,0.04537378856243516,-0.003463800897130297,NA,NA
JP,1966-07-01,0.05337334250853992,-0.0027235037912920375,NA,NA
JP,1966-10-01,0.06603395549630994,-0.0017612573638522524,NA,NA
JP,1967-01-01,0.08369375585806853,-6.788030089258975e-4,NA,NA
JP,1967-04-01,0.10661986891747788,2.489212466401121e-4,NA,NA
JP,1967-07-01,0.13499494869348694,9.052168013597497e-4,NA,NA
JP,1967-10-01,0.1689051692417309,0.0014479020594164432,NA,NA
JP,1968-01-01,0.20833012074380908,0.002049208974409523,NA,NA
JP,1968-04-01,0.2531350154886241,0.0026184203812835622,NA,NA
JP,1968-07-01,0.3030655544466227,0.0028932444774231844,NA,NA
JP,1968-10-01,0.3577457375604698,0.0027778179272599174,NA,NA
JP,1969-01-01,0.41667882197801526,0.0024619475895681104,NA,NA
JP,1969-04-01,0.47925154446909024,0.0021550922236293424,NA,NA
JP,1969-07-01,0.5447416297848964,0.0018008775600518879,NA,NA
JP,1969-10-01,0.6123285086014607,0.0011677482829063038,NA,NA
JP,1970-01-01,0.6811070699868742,1.9298979079296062e-4,NA,NA
JP,1970-04-01,0.7501041771845467,-8.953699025751006e-4,NA,NA
JP,1970-07-01,0.8182975850367608,-0.0018509057866111448,NA,NA
JP,1970-10-01,0.8846368155926112,-0.0027028235457396458,NA,NA
JP,1971-01-01,0.948065478141885,-0.00366600814980079,NA,NA
JP,1971-04-01,1.0075444635673059,-0.004790315289815835,NA,NA
JP,1971-07-01,1.0620754025866492,-0.005835025118735099,NA,NA
JP,1971-10-01,1.11072375476243,-0.006546658095322685,NA,NA
JP,1972-01-01,1.152640891152971,-0.0069607987713551965,NA,NA
JP,1972-04-01,1.1870845486479737,-0.007311783496913405,NA,NA
JP,1972-07-01,1.2134370682530873,-0.007673714580457388,NA,NA
JP,1972-10-01,1.2312208821307737,-0.007829504659982374,NA,NA
JP,1973-01-01,1.2401107837433463,-0.00755274699261391,regular,NA
JP,1973-04-01,1.2399426000927107,-0.006916325257642951,NA,NA
JP,1973-07-01,1.2307179824173362,-0.006200706468444752,NA,NA
JP,1973-10-01,1.2126051389616308,-0.005525343967319013,NA,NA
JP,1974-01-01,1.1859354473972108,-0.004711002958342769,NA,NA
JP,1974-04-01,1.1511960017186664,-0.0035649657740972774,NA,NA
JP,1974-07-01,1.1090182653832241,-0.002196397794018144,NA,NA
JP,1974-10-01,1.0601631155083047,-9.23427269094716e-4,NA,NA
JP,1975-01-01,1.0055026685623538,1.0507139968872008e-4,NA,NA
JP,1975-04-01,0.9459993728603231,0.0010538343400165566,NA,NA
JP,1975-07-01,0.8826829342909441,0.002112007227914698,NA,NA
JP,1975-10-01,0.8166257064505201,0.003169601645901653,NA,NA
JP,1976-01-01,0.7489172226231477,0.00390998771770332,NA,NA
JP,1976-04-01,0.6806385732813953,0.004196434714440217,NA,NA
JP,1976-07-01,0.6128373380550497,0.004222079377663055,NA,NA
JP,1976-10-01,0.5465037651523789,0.004215274997004525,NA,NA
JP,1977-01-01,0.4825488544084701,0.004105808177928509,NA,NA
JP,1977-04-01,0.42178494352634427,0.003614862745484839,NA,NA
JP,1977-07-01,0.3649093223441626,0.002648465141716194,NA,NA
JP,1977-10-01,0.31249130935864344,0.001452315305007826,NA,NA
JP,1978-01-01,0.2649631210212762,3.109079328521453e-4,NA,NA
JP,1978-04-01,0.2226147506820454,-7.977074403607179e-4,NA,NA
JP,1978-07-01,0.18559295398840953,-0.0021156267376400153,NA,NA
JP,1978-10-01,0.1539043147686405,-0.0037049311525961253,NA,NA
JP,1979-01-01,0.12742224374370364,-0.005287147699127738,NA,NA
JP,1979-04-01,0.10589764559642253,-0.006549325443000761,NA,NA
JP,1979-07-01,0.08897288160600003,-0.007500224522518866,NA,NA
JP,1979-10-01,0.07619855858856305,-0.008387290011263792,NA,NA
JP,1980-01-01,0.06705259325416806,-0.009288470675858447,NA,NA
JP,1980-04-01,0.060960936811149086,-0.009943501146719824,NA,NA
JP,1980-07-01,0.057319299682236494,-0.010062567031150634,NA,NA
JP,1980-10-01,0.0555151918920547,-0.009691788258068924,NA,NA
JP,1981-01-01,0.05494959173412131,-0.009132508205306488,NA,NA
JP,1981-04-01,0.055057573740575655,-0.008523526027241194,NA,NA
JP,1981-07-01,0.0553272660947899,-0.0076614753100449655,NA,NA
JP,1981-10-01,0.05531656612538985,-0.006309355266522568,NA,NA
JP,1982-01-01,0.054667118467748396,-0.004570147839343063,NA,NA
JP,1982-04-01,0.05311515139502536,-0.0028087357383293527,NA,NA
JP,1982-07-01,0.05049886975742036,-0.0012245936491055887,NA,NA
JP,1982-10-01,0.046762214606618675,3.400514109500537e-4,NA,NA
JP,1983-01-01,0.04195491634065681,0.0020932578909467607,NA,NA
JP,1983-04-01,0.03622888635420864,0.0039110046458940605,NA,NA
JP,1983-07-01,0.029831107966303123,0.005409817565163082,NA,NA
JP,1983-10-01,0.023093297162691172,0.006380956215837274,NA,NA
JP,1984-01-01,0.016418703987336206,0.0069939070001134715,NA,NA
JP,1984-04-01,0.010266513123737595,0.007491245009742699,NA,NA
JP,1984-07-01,0.005134374621251547,0.007795518013504142,NA,NA
JP,1984-10-01,0.001539650650778851,0.007571506150536426,NA,NA
JP,1985-01-01,0,0.006662670683104547,NA,NA
JP,1985-04-01,0.0010139377468627864,0.0053051697823721525,NA,NA
JP,1985-07-01,0.005042002839866611,0.0038255974124062338,NA,NA
JP,1985-10-01,0.012489141482768584,0.0022358204754580006,NA,NA
JP,1986-01-01,0.023688870232098966,2.7960240174543715e-4,NA,NA
JP,1986-04-01,0.038889721139536274,-0.0021336591429176803,NA,NA
JP,1986-07-01,0.05824439423230962,-0.004703955692981184,NA,NA
JP,1986-10-01,0.08180195272811489,-0.007035441717852873,NA,NA
JP,1987-01-01,0.10950329662313708,-0.009051745459504927,NA,NA
JP,1987-04-01,0.14118004396056605,-0.010969269932764286,NA,NA
JP,1987-07-01,0.1765568396523952,-0.01287093134170814,NA,NA
JP,1987-10-01,0.2152570027268479,-0.014467133586604279,NA,NA
JP,1988-01-01,0.25681131779697924,-0.01537291459087637,NA,NA
JP,1988-04-01,0.30066967872119127,-0.015526909960337664,NA,NA
JP,1988-07-01,0.34621520491393243,-0.015188699757000946,NA,NA
JP,1988-10-01,0.39278037626003565,-0.014526974763446237,NA,NA
JP,1989-01-01,0.439664673335085,-0.013362072774536533,NA,NA
JP,1989-04-01,0.48615316736520453,-0.011408968010945621,NA,NA
JP,1989-07-01,0.5315354802323761,-0.008688329845845865,NA,NA
JP,1989-10-01,0.5751245294051429,-0.00555532569091352,NA,NA
JP,1990-01-01,0.6162744858968108,-0.0023178423566540766,NA,NA
JP,1990-04-01,0.6543974045683316,0.0010412633958980502,NA,NA
JP,1990-07-01,0.6889780340706471,0.004680424058497002,NA,NA
JP,1990-10-01,0.7195863767035928,0.00851579467778834,NA,NA
JP,1991-01-01,0.7458876442342249,0.012145127027764695,NA,NA
JP,1991-04-01,0.767649341660426,0.0151623445970491,NA,NA
JP,1991-07-01,0.7847453041250102,0.01744814331512376,NA,NA
JP,1991-10-01,0.7971566095847203,0.019089611573622624,NA,NA
JP,1992-01-01,0.8049693882293616,0.020067826696442772,NA,NA
JP,1992-04-01,0.8083696458549672,0.020104180827692303,NA,NA
JP,1992-07-01,0.8076353093656417,0.018815392677228867,NA,NA
JP,1992-10-01,0.8031257854726871,0.015979370579203827,NA,NA
JP,1993-01-01,0.7952693959447076,0.0116620407003909,regular,NA
JP,1993-04-01,0.784549112291985,0.006121971368651075,NA,NA
JP,1993-07-01,0.7714870578459425,-4.661673241667456e-4,NA,NA
JP,1993-10-01,0.7566282746221923,-0.008324679685713822,NA,NA
JP,1994-01-01,0.740524265465913,-0.018075381960736683,NA,NA
JP,1994-04-01,0.7237168186470175,-0.030050213779975913,NA,NA
JP,1994-07-01,0.70672260271402,-0.04308996059818481,NA,NA
JP,1994-10-01,0.6900189849595006,-0.05389541140786357,NA,NA
JP,1995-01-01,0.6740314787021034,-0.058096728077599025,NA,NA
JP,1995-04-01,0.6591231645763647,-0.052857425489161516,NA,NA
JP,1995-07-01,0.6455863613212975,-0.03905502796362997,NA,NA
JP,1995-10-01,0.6336367446243807,-0.020901112133760738,NA,NA
JP,1996-01-01,0.6234100310496602,-0.002972586908472333,NA,NA
JP,1996-04-01,0.614961260693471,0.012831972388539578,NA,NA
JP,1996-07-01,0.6082666297085558,0.027614441932358548,NA,NA
JP,1996-10-01,0.6032277448690431,0.0427950489365938,NA,NA
JP,1997-01-01,0.599678099392458,0.0570371086792483,NA,NA
JP,1997-04-01,0.5973915045150868,0.0657799303420828,NA,NA
JP,1997-07-01,0.5960921567358894,0.06394557716718806,NA,NA
JP,1997-10-01,0.595465977725459,0.04956925732179935,NA,NA
JP,1998-01-01,0.5951728337426903,0.025463977871825062,NA,NA
JP,1998-04-01,0.5948592246665794,-0.002188967220841046,NA,NA
JP,1998-07-01,0.5941710296273635,-0.02707586014897834,NA,NA
JP,1998-10-01,0.5927659064473583,-0.045496381421797606,NA,NA
JP,1999-01-01,0.5903249649783096,-0.0569601474674979,NA,NA
JP,1999-04-01,0.5865633688475295,-0.06259220167933656,NA,NA
JP,1999-07-01,0.5812395646430738,-0.06280332796303208,NA,NA
JP,1999-10-01,0.5741628904252568,-0.056172542241211466,NA,NA
JP,2000-01-01,0.5651993746644649,-0.04057581238839362,NA,NA
JP,2000-04-01,0.5542756001333827,-0.01579070785234111,NA,NA
JP,2000-07-01,0.541380572705591,0.014501576535747993,NA,NA
JP,2000-10-01,0.5265656002102942,0.04304425771979736,NA,NA
JP,2001-01-01,0.5099422493170809,0.061686803413363925,NA,NA
JP,2001-04-01,0.4916785068730924,0.06491942936356847,NA,NA
JP,2001-07-01,0.4719933243959149,0.05248658881106265,NA,NA
JP,2001-10-01,0.45114976901300374,0.029902399510032433,NA,NA
JP,2002-01-01,0.42944703981724425,0.006339288301551512,NA,NA
JP,2002-04-01,0.4072116345067845,-0.009767076334023406,NA,NA
JP,2002-07-01,0.38478796678741667,-0.015402294824846136,NA,NA
JP,2002-10-01,0.36252874019952,-0.014537244749762182,NA,NA
JP,2003-01-01,0.3407853790142539,-0.014416474055910303,NA,NA
JP,2003-04-01,0.3198988021946843,-0.01884910103587325,NA,NA
JP,2003-07-01,0.3001908030192057,-0.02457448605499678,NA,NA
JP,2003-10-01,0.28195626597099105,-0.02492327625126277,NA,NA
JP,2004-01-01,0.2654564152841268,-0.017766808721305396,NA,NA
JP,2004-04-01,0.25091324764583306,-0.009338689936755492,NA,NA
JP,2004-07-01,0.23850525663082728,-0.008852643559215277,NA,NA
JP,2004-10-01,0.2283645101766043,-0.018707460247995286,NA,NA
JP,2005-01-01,0.2205750964651335,-0.030848140849270417,NA,weak
JP,2005-04-01,0.21517290954516693,-0.03409048371732751,NA,NA
JP,2005-07-01,0.21214670536302288,-0.025248874954430556,NA,NA
JP,2005-10-01,0.21144032283803998,-0.01209381629653193,NA,NA
JP,2006-01-01,0.21295593426812137,-0.00469899777950012,NA,NA
JP,2006-04-01,0.21655816547313272,-0.004578131311470555,NA,NA
JP,2006-07-01,0.22207890919739381,-0.003539159673484704,NA,NA
JP,2006-10-01,0.22932264563166999,0.006786194746019375,NA,NA
JP,2007-01-01,0.23807208143270214,0.02577009040385782,NA,NA
JP,2007-04-01,0.24809392299775768,0.045175091954255724,NA,NA
JP,2007-07-01,0.2591446104290101,0.058728084343759604,NA,NA
JP,2007-10-01,0.2709758548176074,0.06800646172765244,NA,NA
JP,2008-01-01,0.2833398422320104,0.07741790039553477,NA,NA
JP,2008-04-01,0.2959939920177579,0.08427455605270491,NA,NA
JP,2008-07-01,0.30870518352865095,0.07628867028156544,NA,NA
JP,2008-10-01,0.3212533929990306,0.04106253984082335,NA,NA
JP,2009-01-01,0.3334347097339868,-0.020778243481566802,NA,NA
JP,2009-04-01,0.3450637270016413,-0.0912203533555423,NA,NA
JP,2009-07-01,0.35597532692780687,-0.14349576189868235,NA,NA
JP,2009-10-01,0.36602589943182373,-0.15697878589002112,NA,NA
JP,2010-01-01,0.37509405209320623,-0.1281208953307626,NA,NA
JP,2010-04-01,0.38308088029222187,-0.07176642276369162,NA,NA
JP,2010-07-01,0.3899098747294008,-0.013337294177932162,NA,NA
JP,2010-10-01,0.3955265464262201,0.024092798682350085,NA,NA
JP,2011-01-01,0.39989784768672565,0.03186472660478229,NA,NA
JP,2011-04-01,0.4030114616081649,0.01987989379106336,NA,NA
JP,2011-07-01,0.40487502310337264,0.008589432780522072,NA,NA
JP,2011-10-01,0.4055153217314301,0.012998228083870104,NA,NA
JP,2012-01-01,0.40497752174198015,0.03094847670937602,NA,NA
JP,2012-04-01,0.40332441852320966,0.04625162697232406,NA,NA
JP,2012-07-01,0.40063573404778796,0.04448271099112046,NA,NA
JP,2012-10-01,0.39700743787932335,0.026894799395564065,NA,NA
JP,2013-01-01,0.3925510657367959,0.009181218224327966,NA,NA
JP,2013-04-01,0.3873929953368499,0.006491956581210424,NA,NA
JP,2013-07-01,0.3816736299469307,0.01944827919133091,NA,NA
JP,2013-10-01,0.3755464343405343,0.03425357020754924,NA,NA
JP,2014-01-01,0.36917676603098054,0.035661861559769116,NA,NA
JP,2014-04-01,0.3627404469640884,0.019771654133596266,NA,NA
JP,2014-07-01,0.35642202726654615,-0.004402118087370112,NA,NA
JP,2014-10-01,0.350412702970626,-0.02382730546799256,NA,NA
JP,2015-01-01,0.3449078634717435,-0.031381213757587297,NA,NA
JP,2015-04-01,0.340104261253509,-0.02899675904173111,NA,NA
JP,2015-07-01,0.33619681541503865,-0.023835333569555427,NA,NA
JP,2015-10-01,0.33337508091642143,-0.02237781587959717,NA,NA
JP,2016-01-01,0.3318194362939731,-0.026767392448914896,NA,NA
JP,2016-04-01,0.33169706291437895,-0.03464328366701653,NA,NA
JP,2016-07-01,0.3331578076578185,-0.041495698316068995,NA,NA
JP,2016-10-01,0.3363300373028457,-0.0436387566120998,NA,NA
JP,2017-01-01,0.3413166059651998,-0.03973176425306159,NA,NA
JP,2017-04-01,0.3481910659685643,-0.030002040019773243,NA,NA
JP,2017-07-01,0.3569942568953965,-0.014773678764202592,NA,NA
JP,2017-10-01,0.36773140685404,0.005133386658360948,NA,NA
JP,2018-01-01,0.38036987397506644,0.026275644126265887,NA,NA
JP,2018-04-01,0.3948376447960384,0.04248069649614372,NA,NA
JP,2018-07-01,0.41102268970583966,0.04940305362261434,NA,NA
JP,2018-10-01,0.42877325440547,0.05001026615935058,NA,NA
JP,2019-01-01,0.44789914100986383,0.053271415912907856,NA,NA
JP,2019-04-01,0.46817400375315604,0.06399794927196938,NA,NA
JP,2019-07-01,0.48933865320912406,0.07309926524808512,NA,NA
JP,2019-10-01,0.5111053305600034,0.060969755385703685,NA,NA
JP,2020-01-01,0.5331628808820933,0.01508002585920896,NA,NA
JP,2020-04-01,0.5551827228458425,-0.05357729850651501,NA,NA
JP,2020-07-01,0.5768254828261932,-0.11302793647771564,NA,NA
JP,2020-10-01,0.5977481353105075,-0.13272708458999674,NA,NA
JP,2021-01-01,0.617611469707712,-0.10663689251023083,NA,NA
JP,2021-04-01,0.6360876871010579,-0.05608031899284434,NA,NA
JP,2021-07-01,0.6528679198765204,-0.010761659077624849,NA,NA
JP,2021-10-01,0.6676694630286315,0.013412180567156469,NA,NA
JP,2022-01-01,0.6802425086030375,0.020480686927893677,NA,NA
JP,2022-04-01,0.690376184251302,0.023178785158372534,NA,NA
JP,2022-07-01,0.6979037130769898,0.028931858187015717,NA,NA
JP,2022-10-01,0.7027065344315293,0.036175036029512254,regular,NA
JP,2023-01-01,0.7047172534343743,0.04015213215634907,NA,NA
JP,2023-04-01,0.7039213198971013,0.03845620994288576,NA,NA
JP,2023-07-01,0.7003573739977158,0.03094067705215694,NA,NA
JP,2023-10-01,0.6941162353066046,0.017638070119898448,NA,NA
JP,2024-01-01,0.6853385523311162,-2.699770058776201e-4,NA,NA
JP,2024-04-01,0.6742111702827803,-0.0178422902714897,NA,NA
JP,2024-07-01,0.6609623139269614,-0.027549393518611576,NA,NA
JP,2024-10-01,0.645855718830447,-0.02512847446125901,NA,NA
JP,2025-01-01,0.6291838768400007,-0.014092768722548098,NA,NA
JP,2025-04-01,0.6112605890910561,-0.003205367122365663,NA,NA
JP,2025-07-01,0.5924130413122182,9.88627762576178e-4,NA,NA
JP,2025-10-01,NA,-0.0011677849614805957,NA,NA
JP,2026-01-01,NA,-0.004896340317543379,NA,NA
JP,2026-04-01,NA,-0.006809738466703562,NA,NA
US,1913-01-01,NA,-4.799964361095631e-4,NA,NA
US,1913-04-01,NA,-7.944770955912101e-4,NA,NA
US,1913-07-01,NA,-0.001181958872814057,NA,NA
US,1913-10-01,NA,-0.0017987811697860717,NA,NA
US,1914-01-01,NA,-0.0024751558288596217,NA,NA
US,1914-04-01,NA,-0.002921916172278384,NA,NA
US,1914-07-01,NA,-0.0031051152107059465,NA,NA
US,1914-10-01,NA,-0.0032711783268125827,NA,NA
US,1915-01-01,NA,-0.0035865357709528364,NA,NA
US,1915-04-01,NA,-0.003889799770298157,NA,NA
US,1915-07-01,NA,-0.003901443805723588,NA,NA
US,1915-10-01,NA,-0.003603624755562199,NA,NA
US,1916-01-01,NA,-0.0032649339764009564,NA,NA
US,1916-04-01,NA,-0.0030736790421402485,NA,NA
US,1916-07-01,NA,-0.0028856102555827046,NA,NA
US,1916-10-01,NA,-0.0024362825068811674,NA,NA
US,1917-01-01,NA,-0.001726027668104498,NA,NA
US,1917-04-01,NA,-0.001044166902726164,NA,NA
US,1917-07-01,NA,-5.957682201652175e-4,NA,NA
US,1917-10-01,NA,-2.449800842396627e-4,NA,NA
US,1918-01-01,NA,2.694963034252993e-4,NA,NA
US,1918-04-01,NA,9.436791260347676e-4,NA,NA
US,1918-07-01,NA,0.0014841242680241884,NA,NA
US,1918-10-01,NA,0.0016872741838845266,NA,NA
US,1919-01-01,NA,0.001699931626875639,NA,NA
US,1919-04-01,NA,0.0017998016502275597,NA,NA
US,1919-07-01,NA,0.0019980662721130545,NA,NA
US,1919-10-01,NA,0.002014524951176843,NA,NA
US,1920-01-01,NA,0.001662572045797562,NA,NA
US,1920-04-01,NA,0.0011129612379569952,NA,NA
US,1920-07-01,NA,6.696795846109797e-4,NA,NA
US,1920-10-01,NA,3.652073464755747e-4,NA,NA
US,1921-01-01,NA,-6.527057540523849e-5,NA,NA
US,1921-04-01,NA,-7.931688498018939e-4,NA,NA
US,1921-07-01,NA,-0.0016293221793884111,NA,NA
US,1921-10-01,NA,-0.0022527740757300966,NA,NA
US,1922-01-01,NA,-0.0026227266956517716,NA,NA
US,1922-04-01,NA,-0.0030047666289173304,NA,NA
US,1922-07-01,NA,-0.0035736333197691956,NA,NA
US,1922-10-01,NA,-0.004141833281084832,NA,NA
US,1923-01-01,NA,-0.00439251024092613,NA,NA
US,1923-04-01,NA,-0.004298020491716571,NA,NA
US,1923-07-01,NA,-0.004145728935198184,NA,NA
US,1923-10-01,NA,-0.004133177418516596,NA,NA
US,1924-01-01,NA,-0.0040916130467905,NA,NA
US,1924-04-01,NA,-0.003722435945006765,NA,NA
US,1924-07-01,NA,-0.0030220409647693488,NA,NA
US,1924-10-01,NA,-0.002306668963081249,NA,NA
US,1925-01-01,NA,-0.0017993881323786086,NA,NA
US,1925-04-01,NA,-0.0013482632771113115,NA,NA
US,1925-07-01,NA,-6.665932429586713e-4,NA,NA
US,1925-10-01,NA,2.355611545301992e-4,NA,NA
US,1926-01-01,NA,0.0010271864715613267,NA,NA
US,1926-04-01,NA,0.0014773080471539102,NA,NA
US,1926-07-01,NA,0.001741658383022874,NA,NA
US,1926-10-01,NA,0.002117679977865534,NA,NA
US,1927-01-01,NA,0.0026052217015729113,NA,NA
US,1927-04-01,NA,0.002882184604906985,NA,NA
US,1927-07-01,NA,0.0027328693506816298,NA,NA
US,1927-10-01,NA,0.0023386895381630923,NA,NA
US,1928-01-01,NA,0.002027317360798499,NA,NA
US,1928-04-01,NA,0.0018245633071974812,NA,NA
US,1928-07-01,NA,0.0014292737718786192,NA,NA
US,1928-10-01,NA,6.488245214197921e-4,NA,NA
US,1929-01-01,NA,-3.063785566724247e-4,NA,NA
US,1929-04-01,NA,-0.0010800609834310546,NA,NA
US,1929-07-01,NA,-0.001627293008447993,NA,NA
US,1929-10-01,NA,-0.0022400561141030376,NA,NA
US,1930-01-01,NA,-0.0031038929213358826,NA,NA
US,1930-04-01,NA,-0.003998966152631116,NA,NA
US,1930-07-01,NA,-0.004563107312532989,NA,NA
US,1930-10-01,NA,-0.00475757178550133,NA,NA
US,1931-01-01,NA,-0.004892018339426028,NA,NA
US,1931-04-01,NA,-0.005171940191564522,NA,NA
US,1931-07-01,NA,-0.005394150922792363,NA,NA
US,1931-10-01,NA,-0.00521500509031851,NA,NA
US,1932-01-01,NA,-0.004624011533387379,NA,NA
US,1932-04-01,NA,-0.003967199459641416,NA,NA
US,1932-07-01,NA,-0.0034841813239798107,NA,NA
US,1932-10-01,NA,-0.0029973606683225008,NA,NA
US,1933-01-01,NA,-0.0021852270759795353,NA,NA
US,1933-04-01,NA,-0.0010638902025878855,NA,NA
US,1933-07-01,NA,-8.642203199553454e-6,NA,NA
US,1933-10-01,NA,7.195651984197109e-4,NA,NA
US,1934-01-01,NA,0.0012908684480435746,NA,NA
US,1934-04-01,NA,0.0020271521079471343,NA,NA
US,1934-07-01,NA,0.0029115090989515883,NA,NA
US,1934-10-01,NA,0.003567744884010446,NA,NA
US,1935-01-01,NA,0.00374386489657898,NA,NA
US,1935-04-01,NA,0.0036337016273734007,NA,NA
US,1935-07-01,NA,0.0035899447302615477,NA,NA
US,1935-10-01,NA,0.003623115551790441,NA,NA
US,1936-01-01,NA,0.0033812497285485286,NA,NA
US,1936-04-01,NA,0.00264277689205096,NA,NA
US,1936-07-01,NA,0.0016421630376422932,NA,NA
US,1936-10-01,NA,7.741299182223881e-4,NA,NA
US,1937-01-01,NA,8.130928835977274e-5,NA,NA
US,1937-04-01,NA,-7.659167313401178e-4,NA,NA
US,1937-07-01,NA,-0.001966721087920583,NA,NA
US,1937-10-01,NA,-0.0032599922187047884,NA,NA
US,1938-01-01,NA,-0.004229001308553191,NA,NA
US,1938-04-01,NA,-0.004824708019343033,NA,NA
US,1938-07-01,NA,-0.005384548652857893,NA,NA
US,1938-10-01,NA,-0.006118358090753556,NA,NA
US,1939-01-01,NA,-0.006773180221827119,NA,NA
US,1939-04-01,NA,-0.006946078658701579,NA,NA
US,1939-07-01,NA,-0.00661732462524853,NA,NA
US,1939-10-01,NA,-0.006166031263113356,NA,NA
US,1940-01-01,NA,-0.005842830266109055,NA,NA
US,1940-04-01,NA,-0.005428220341283469,NA,NA
US,1940-07-01,NA,-0.004553071543618152,NA,NA
US,1940-10-01,NA,-0.0032410585973408745,NA,NA
US,1941-01-01,NA,-0.0019199687690602165,NA,NA
US,1941-04-01,NA,-8.801597062733844e-4,NA,NA
US,1941-07-01,NA,7.348640023081071e-5,NA,NA
US,1941-10-01,NA,0.0012925000359951667,NA,NA
US,1942-01-01,NA,0.0027324960925071726,NA,NA
US,1942-04-01,NA,0.003946097251329083,NA,NA
US,1942-07-01,NA,0.004638301723566513,NA,NA
US,1942-10-01,NA,0.005019403010345031,NA,NA
US,1943-01-01,NA,0.005465179158551664,NA,NA
US,1943-04-01,NA,0.005953015063878895,NA,NA
US,1943-07-01,NA,0.006058226903522374,NA,NA
US,1943-10-01,NA,0.005522216531321793,NA,NA
US,1944-01-01,NA,0.00460818763113664,NA,NA
US,1944-04-01,NA,0.0037481744973402913,NA,NA
US,1944-07-01,NA,0.0029662552805837018,NA,NA
US,1944-10-01,NA,0.0018781139763360602,NA,NA
US,1945-01-01,NA,2.71684368285243e-4,NA,NA
US,1945-04-01,NA,-0.0015356330686432385,NA,NA
US,1945-07-01,NA,-0.0030644104116562343,NA,NA
US,1945-10-01,NA,-0.004262648617936667,NA,NA
US,1946-01-01,NA,-0.005501320880567844,NA,NA
US,1946-04-01,NA,-0.006979929610922584,NA,NA
US,1946-07-01,NA,-0.008367734016336939,NA,NA
US,1946-10-01,NA,-0.009185486580432858,NA,NA
US,1947-01-01,NA,-0.009405512564333928,NA,NA
US,1947-04-01,NA,-0.00943896937651368,NA,NA
US,1947-07-01,NA,-0.009525209588821349,NA,NA
US,1947-10-01,NA,-0.009370939263698778,NA,NA
US,1948-01-01,NA,-0.008545647891799256,NA,NA
US,1948-04-01,NA,-0.007089559689265481,NA,NA
US,1948-07-01,NA,-0.005488793587322607,NA,NA
US,1948-10-01,NA,-0.004046716681906169,NA,NA
US,1949-01-01,NA,-0.002521939700240296,NA,NA
US,1949-04-01,NA,-5.381387215048653e-4,NA,NA
US,1949-07-01,NA,0.0018021375758053503,NA,NA
US,1949-10-01,NA,0.0039572626625644135,NA,NA
US,1950-01-01,NA,0.005592843356237921,NA,NA
US,1950-04-01,NA,0.006940996979634448,NA,NA
US,1950-07-01,NA,0.008373117896671639,NA,NA
US,1950-10-01,NA,0.009781186779363338,NA,NA
US,1951-01-01,NA,0.010634352019426495,NA,NA
US,1951-04-01,NA,0.010640111842749395,NA,NA
US,1951-07-01,NA,0.010093768019841208,NA,NA
US,1951-10-01,NA,0.009429073836106514,NA,NA
US,1952-01-01,NA,0.008596251604775982,NA,NA
US,1952-04-01,NA,0.007137971736007901,NA,NA
US,1952-07-01,NA,0.004861248432160566,NA,NA
US,1952-10-01,NA,0.00216760820027833,NA,NA
US,1953-01-01,NA,-4.2284833027702033e-4,NA,NA
US,1953-04-01,NA,-0.0028912680173671526,NA,NA
US,1953-07-01,NA,-0.005618355264627182,NA,NA
US,1953-10-01,NA,-0.008706208613659788,NA,NA
US,1954-01-01,NA,-0.011679104308531188,NA,NA
US,1954-04-01,NA,-0.01398847790069199,NA,NA
US,1954-07-01,NA,-0.015617444515441638,NA,NA
US,1954-10-01,NA,-0.016940604800584343,NA,NA
US,1955-01-01,NA,-0.018045498286474376,NA,NA
US,1955-04-01,NA,-0.018481271885038116,NA,NA
US,1955-07-01,NA,-0.017792863100379606,NA,NA
US,1955-10-01,NA,-0.016084737571980638,NA,NA
US,1956-01-01,NA,-0.013820395952666355,NA,NA
US,1956-04-01,NA,-0.01115653698869407,NA,NA
US,1956-07-01,NA,-0.0077712974603309035,NA,NA
US,1956-10-01,NA,-0.0034265162092770637,NA,NA
US,1957-01-01,NA,0.0015572503616015105,NA,NA
US,1957-04-01,NA,0.006597942282417072,NA,NA
US,1957-07-01,NA,0.011470064949963991,NA,NA
US,1957-10-01,NA,0.016326504665635327,NA,NA
US,1958-01-01,NA,0.021110846082443645,NA,NA
US,1958-04-01,NA,0.025275515312603112,NA,NA
US,1958-07-01,NA,0.028249208029797565,NA,NA
US,1958-10-01,NA,0.029907042635032507,NA,NA
US,1959-01-01,NA,0.030254572901374056,NA,NA
US,1959-04-01,NA,0.028825903882546078,NA,NA
US,1959-07-01,NA,0.024908834472351468,NA,NA
US,1959-10-01,NA,0.018420577348355907,NA,NA
US,1960-01-01,NA,0.009863709910813818,NA,NA
US,1960-04-01,NA,-0.0011545575753154154,NA,NA
US,1960-07-01,NA,-0.016672623200691013,NA,NA
US,1960-10-01,NA,-0.03789937720801619,NA,NA
US,1961-01-01,NA,-0.06083546347052857,NA,NA
US,1961-04-01,NA,-0.07524046051148871,NA,NA
US,1961-07-01,NA,-0.07046238569892432,NA,NA
US,1961-10-01,NA,-0.04451985033054608,NA,NA
US,1962-01-01,NA,-0.007895246055538072,NA,NA
US,1962-04-01,NA,0.022688783325271324,NA,NA
US,1962-07-01,NA,0.03568293642215103,NA,NA
US,1962-10-01,NA,0.031336331000022914,NA,NA
US,1963-01-01,NA,0.01855055223767647,NA,NA
US,1963-04-01,NA,0.006530665203492095,NA,NA
US,1963-07-01,NA,-5.411896920317382e-4,NA,NA
US,1963-10-01,NA,-0.0028505985195355263,NA,NA
US,1964-01-01,NA,-0.00215353350780609,NA,NA
US,1964-04-01,NA,-9.496359091369546e-4,NA,NA
US,1964-07-01,NA,-0.0026924054676717643,NA,NA
US,1964-10-01,NA,-0.009729563388532765,NA,NA
US,1965-01-01,NA,-0.019546049800677916,NA,NA
US,1965-04-01,NA,-0.024274446131972133,NA,NA
US,1965-07-01,NA,-0.016240112470540077,NA,NA
US,1965-10-01,NA,0.00480583195099064,NA,NA
US,1966-01-01,NA,0.030198263841472537,NA,NA
US,1966-04-01,NA,0.0484968633468258,NA,NA
US,1966-07-01,NA,0.05315558038933688,NA,NA
US,1966-10-01,NA,0.04470780776674599,NA,NA
US,1967-01-01,NA,0.027333261665429397,NA,NA
US,1967-04-01,NA,0.005498569242089379,NA,NA
US,1967-07-01,NA,-0.015796995689495563,NA,NA
US,1967-10-01,NA,-0.029990867277718568,NA,NA
US,1968-01-01,NA,-0.03141426770824914,NA,NA
US,1968-04-01,NA,-0.02003178360614064,NA,NA
US,1968-07-01,NA,-0.0026307757406290916,NA,NA
US,1968-10-01,NA,0.012155428654034909,NA,NA
US,1969-01-01,NA,0.02012272578754782,NA,NA
US,1969-04-01,NA,0.022260791569595983,NA,NA
US,1969-07-01,NA,0.019830879293097375,NA,NA
US,1969-10-01,NA,0.010607402337787912,NA,NA
US,1970-01-01,-0.019909455678820673,-0.008487867493063803,NA,NA
US,1970-04-01,-0.012836190075725078,-0.03550380045720834,NA,NA
US,1970-07-01,-0.004998407324272362,-0.062009020292605264,NA,NA
US,1970-10-01,0.00338122146968365,-0.07867412687808012,NA,NA
US,1971-01-01,0.012080818191775079,-0.08214501135410554,NA,NA
US,1971-04-01,0.02088725563388866,-0.07607891396426061,NA,NA
US,1971-07-01,0.029603661698334217,-0.06602794647272676,NA,NA
US,1971-10-01,0.038056181659746544,-0.054177078816605106,NA,NA
US,1972-01-01,0.04609973582171363,-0.038679297174425226,NA,NA
US,1972-04-01,0.0536225456902369,-0.016455743634931855,NA,NA
US,1972-07-01,0.06054924661110703,0.014276340904942625,NA,NA
US,1972-10-01,0.06684245715463853,0.05284467454453977,NA,NA
US,1973-01-01,0.07250273354909179,0.0950127669752977,NA,NA
US,1973-04-01,0.07756689909454313,0.13232463504195133,NA,NA
US,1973-07-01,0.08210480149577284,0.15454620417281206,NA,NA
US,1973-10-01,0.08621461311167951,0.15532781333175966,NA,NA
US,1974-01-01,0.09001684790101397,0.13610006323572524,NA,NA
US,1974-04-01,0.09364732210153935,0.10333365214182937,NA,NA
US,1974-07-01,0.09724933132763157,0.0616822469891703,NA,NA
US,1974-10-01,0.10096535296805009,0.011490847982831143,NA,NA
US,1975-01-01,0.10492860798322332,-0.04534395392744977,NA,NA
US,1975-04-01,0.10925482928684482,-0.09829921984592543,NA,NA
US,1975-07-01,0.11403458412004791,-0.1308097500484713,NA,NA
US,1975-10-01,0.11932648491519779,-0.1330607960663951,NA,NA
US,1976-01-01,0.12515159730268943,-0.11219839364832095,NA,NA
US,1976-04-01,0.1314893158163848,-0.08760303017397926,NA,NA
US,1976-07-01,0.13827492863974467,-0.07448700465870321,NA,NA
US,1976-10-01,0.14539903397062157,-0.07236067215238767,NA,NA
US,1977-01-01,0.15270890421163968,-0.06979965496791408,NA,NA
US,1977-04-01,0.1600118224737121,-0.05881924194034239,NA,NA
US,1977-07-01,0.16708034131066768,-0.042179979712225486,NA,NA
US,1977-10-01,0.17365933883550985,-0.02663017937445362,NA,NA
US,1978-01-01,0.17947467511772405,-0.012273649515492849,NA,NA
US,1978-04-01,0.18424318470641388,0.007945181213434656,NA,NA
US,1978-07-01,0.18768368181549364,0.038195001148134546,NA,NA
US,1978-10-01,0.18952860547048553,0.07219292986596723,NA,NA
US,1979-01-01,0.18953589476668659,0.0978410416033502,NA,NA
US,1979-04-01,0.18750066095250445,0.10836041763745068,NA,NA
US,1979-07-01,0.18326621450358427,0.10643182737572744,NA,NA
US,1979-10-01,0.17673401236405215,0.09731109432152235,NA,NA
US,1980-01-01,0.1678721132360644,0.08112826430897732,NA,NA
US,1980-04-01,0.15672176678270563,0.05520596658500894,NA,NA
US,1980-07-01,0.1434018149110394,0.023413353127796865,NA,NA
US,1980-10-01,0.12811064843858413,-8.905072933973045e-4,NA,NA
US,1981-01-01,0.11112553845480172,-0.005009346037240775,NA,NA
US,1981-04-01,0.09279924618680754,0.009427516024142059,NA,NA
US,1981-07-01,0.07355390543879295,0.02474558158754096,NA,NA
US,1981-10-01,0.05387226471561564,0.020761791375678015,NA,NA
US,1982-01-01,0.03428646882442481,-0.00932859811979157,NA,NA
US,1982-04-01,0.015364648885566743,-0.05545830257819585,NA,NA
US,1982-07-01,-0.0023043278539676172,-0.10061295485007814,NA,NA
US,1982-10-01,-0.018127524185825715,-0.1323320153287038,NA,weak
US,1983-01-01,-0.03152553036491003,-0.14561907313054173,NA,NA
US,1983-04-01,-0.04195046221645807,-0.13894293109657904,NA,NA
US,1983-07-01,-0.048903799997413414,-0.11186066148900026,NA,NA
US,1983-10-01,-0.05195349657525818,-0.06774670537841151,NA,NA
US,1984-01-01,-0.05074979057740905,-0.016503004936716543,NA,NA
US,1984-04-01,-0.04503918599342709,0.028578864496067235,NA,NA
US,1984-07-01,-0.034676103791754044,0.05822343721139726,NA,NA
US,1984-10-01,-0.01963177233120947,0.07173596990432014,NA,NA
US,1985-01-01,0,0.07471273986559725,NA,NA
US,1985-04-01,0.02400043664819757,0.07317409380057252,NA,NA
US,1985-07-01,0.0520269556963673,0.06999371907987169,NA,NA
US,1985-10-01,0.08361794240306955,0.06539041285050859,NA,NA
US,1986-01-01,0.11820107870624985,0.05866276571823577,NA,NA
US,1986-04-01,0.1551050650038724,0.04872117814025324,NA,NA
US,1986-07-01,0.1935744609114221,0.034297709001616536,NA,NA
US,1986-10-01,0.23278726997900404,0.0154669974532956,NA,NA
US,1987-01-01,0.2718748019376005,-0.004651886575518254,NA,NA
US,1987-04-01,0.3099432680476716,-0.02080768467437263,NA,NA
US,1987-07-01,0.34609650325203556,-0.029312951519632886,NA,NA
US,1987-10-01,0.3794591652980064,-0.030884160254203142,NA,NA
US,1988-01-01,0.4091997374221187,-0.02933361421065268,NA,NA
US,1988-04-01,0.43455265857706615,-0.027465055390312534,NA,NA
US,1988-07-01,0.4548389238395826,-0.024802230302355517,NA,NA
US,1988-10-01,0.46948453719010197,-0.01947315881714899,NA,NA
US,1989-01-01,0.4780362582319225,-0.01149830981604346,NA,NA
US,1989-04-01,0.48017416189201884,-0.0032468013515422355,regular,NA
US,1989-07-01,0.4757206233831062,0.0032827495549073234,NA,NA
US,1989-10-01,0.4646454468377707,0.008488006308350343,NA,NA
US,1990-01-01,0.4470669717373798,0.013523261951950158,NA,NA
US,1990-04-01,0.4232491129006264,0.016921824358740543,NA,NA
US,1990-07-01,0.3935944134996364,0.01408291552189459,NA,NA
US,1990-10-01,0.35863331237400276,0.0011647756075910494,NA,NA
US,1991-01-01,0.3190099428914551,-0.020304455576582402,NA,NA
US,1991-04-01,0.2754648870028614,-0.04296958913199615,NA,NA
US,1991-07-01,0.2288154014968222,-0.058007486761720975,NA,NA
US,1991-10-01,0.17993371072242237,-0.0602697184486634,NA,NA
US,1992-01-01,0.12972401867702196,-0.050070689329843335,NA,NA
US,1992-04-01,0.07909893140703327,-0.0314059206690648,NA,NA
US,1992-07-01,0.028955996866384105,-0.00943932434803592,NA,NA
US,1992-10-01,-0.019844936847223965,0.010752712861761932,NA,NA
US,1993-01-01,-0.06650287243970182,0.024888290570799537,NA,NA
US,1993-04-01,-0.11029470095875535,0.030987660537938572,NA,NA
US,1993-07-01,-0.15059157294593786,0.03098945764164379,NA,NA
US,1993-10-01,-0.18687213736740196,0.030205567081875388,NA,NA
US,1994-01-01,-0.218732284333566,0.033828745111648906,NA,NA
US,1994-04-01,-0.24589114085891364,0.04286678898901729,NA,NA
US,1994-07-01,-0.2681931898644387,0.05301800632597963,NA,NA
US,1994-10-01,-0.28560650734547177,0.05760404591291286,NA,NA
US,1995-01-01,-0.2982172370494581,0.052149213749234626,NA,NA
US,1995-04-01,-0.3062205420729488,0.037041955227614554,NA,regular
US,1995-07-01,-0.30990838457882786,0.016728665954966828,NA,NA
US,1995-10-01,-0.30965458471066803,-0.00326509954446932,NA,NA
US,1996-01-01,-0.3058976944918253,-0.019087393763110284,NA,NA
US,1996-04-01,-0.2991222892947003,-0.029634106200787023,NA,NA
US,1996-07-01,-0.28983932619553004,-0.035976577256410444,NA,NA
US,1996-10-01,-0.27856624370128014,-0.03996069453058824,NA,NA
US,1997-01-01,-0.26580748017032646,-0.04288050516366328,NA,NA
US,1997-04-01,-0.25203606870923256,-0.0449311421471054,NA,NA
US,1997-07-01,-0.23767692511538543,-0.045668002472660126,NA,NA
US,1997-10-01,-0.2230923839667746,-0.04491884863752936,NA,NA
US,1998-01-01,-0.20857045832106802,-0.04312362491815903,NA,NA
US,1998-04-01,-0.19431620335969438,-0.04064452042333486,NA,NA
US,1998-07-01,-0.18044645689023253,-0.03684014091627899,NA,NA
US,1998-10-01,-0.1669881134946054,-0.03018864032330675,NA,NA
US,1999-01-01,-0.15387996815500976,-0.019638276359730915,NA,NA
US,1999-04-01,-0.140978043429559,-0.005778693620744088,NA,NA
US,1999-07-01,-0.1280641957281867,0.00962055638912686,NA,NA
US,1999-10-01,-0.11485768488236844,0.025288246166103177,NA,NA
US,2000-01-01,-0.10102929068820422,0.04124412904001395,NA,NA
US,2000-04-01,-0.08621747374072909,0.05737004349116199,NA,NA
US,2000-07-01,-0.07004600849896221,0.0711463211242037,NA,NA
US,2000-10-01,-0.05214246638584512,0.07751602755220909,NA,NA
US,2001-01-01,-0.03215689744966206,0.07204910366436398,NA,NA
US,2001-04-01,-0.00978005161189949,0.054957365488436084,NA,NA
US,2001-07-01,0.015239505006131606,0.03199355547143628,NA,NA
US,2001-10-01,0.0430799872851919,0.01084226558983804,NA,NA
US,2002-01-01,0.07383325435705253,-0.004101571409521318,NA,NA
US,2002-04-01,0.10749441705124402,-0.014025675376115801,NA,NA
US,2002-07-01,0.14395457755163604,-0.02322484498535124,NA,NA
US,2002-10-01,0.18299698638597828,-0.03435978069998898,NA,NA
US,2003-01-01,0.2242967896635911,-0.04575105217787154,NA,NA
US,2003-04-01,0.26742442167485736,-0.05282853359141659,NA,NA
US,2003-07-01,0.3118525784656926,-0.052092023182303715,NA,NA
US,2003-10-01,0.3569665907343297,-0.04405356698016814,NA,NA
US,2004-01-01,0.4020779032081844,-0.032890515600415546,NA,NA
US,2004-04-01,0.44644026616774957,-0.023392864374423065,NA,NA
US,2004-07-01,0.4892681562766404,-0.017784158583937434,NA,NA
US,2004-10-01,0.5297568711908737,-0.014813393118681727,NA,NA
US,2005-01-01,0.5671036878579262,-0.011566666919382844,NA,NA
US,2005-04-01,0.6005294396685772,-0.006276765366232166,NA,NA
US,2005-07-01,0.629299853721021,3.1526336153391227e-4,NA,NA
US,2005-10-01,0.6527459967339907,0.006104184537909972,NA,NA
US,2006-01-01,0.6702832062417751,0.00993479103017119,NA,NA
US,2006-04-01,0.6814279315754865,0.012629769890534845,NA,NA
US,2006-07-01,0.6858119750962468,0.015732147063358744,NA,NA
US,2006-10-01,0.6831937059305396,0.0196077044523144,NA,NA
US,2007-01-01,0.6734659132980744,0.02337567353095598,NA,NA
US,2007-04-01,0.6566600712451998,0.02689001991139493,NA,NA
US,2007-07-01,0.6329468977329015,0.03208913132372527,NA,NA
US,2007-10-01,0.6026332049298903,0.041145459377979206,weak,NA
US,2008-01-01,0.5661551505246308,0.05246764703038615,NA,NA
US,2008-04-01,0.524068108259535,0.058872392884281886,NA,NA
US,2008-07-01,0.4770334762580494,0.0510573938350719,NA,NA
US,2008-10-01,0.4258028309136503,0.024492390458839775,NA,NA
US,2009-01-01,0.371199909393622,-0.01590014993165704,NA,NA
US,2009-04-01,0.3141009629237589,-0.057356909530873496,NA,NA
US,2009-07-01,0.2554140642653662,-0.0859711308005028,NA,NA
US,2009-10-01,0.19605797508453893,-0.09351672507970554,NA,NA
US,2010-01-01,0.13694118179497522,-0.08034574657999545,NA,NA
US,2010-04-01,0.07894169212407244,-0.053909926078034874,NA,NA
US,2010-07-01,0.022888149932913094,-0.024833928059327017,NA,NA
US,2010-10-01,-0.030457225865839464,-0.002419938419466093,NA,NA
US,2011-01-01,-0.08041343914230437,0.0090990782377702,NA,NA
US,2011-04-01,-0.12639289126133654,0.01196788852325521,NA,NA
US,2011-07-01,-0.16791066184790443,0.012614386728402854,NA,NA
US,2011-10-01,-0.2045907205224486,0.016559439052459136,NA,NA
US,2012-01-01,-0.23616899369683547,0.024239854541652058,NA,NA
US,2012-04-01,-0.26249330981237456,0.03130070901400286,NA,NA
US,2012-07-01,-0.2835203425455268,0.03299357344421981,NA,NA
US,2012-10-01,-0.299309761403285,0.028395474422506534,NA,NA
US,2013-01-01,-0.3100158799423399,0.020574357417178116,NA,NA
US,2013-04-01,-0.31587716109422703,0.013190594983684467,NA,NA
US,2013-07-01,-0.31720399471779326,0.007476110203736983,NA,NA
US,2013-10-01,-0.3143652029830296,0.0024436626550174033,NA,NA
US,2014-01-01,-0.30777375351088676,-0.0027051424588035913,NA,NA
US,2014-04-01,-0.29787216791350507,-0.007050493381441592,NA,NA
US,2014-07-01,-0.2851181046321506,-0.008751738110982604,NA,NA
US,2014-10-01,-0.2699705704479131,-0.006923553605285278,NA,weak
US,2015-01-01,-0.2528771759594045,-0.0027104438686598124,NA,NA
US,2015-04-01,-0.23426279837248457,0.0010245980452614645,NA,NA
US,2015-07-01,-0.21451995222672485,9.882527365770413e-4,NA,NA
US,2015-10-01,-0.19400109761667916,-0.004686876902576051,NA,NA
US,2016-01-01,-0.17301303871557644,-0.0147416707659861,NA,NA
US,2016-04-01,-0.1518134857784884,-0.024845332740057794,NA,NA
US,2016-07-01,-0.130609774136241,-0.03043834412533178,NA,NA
US,2016-10-01,-0.10955965677663346,-0.030472096079359995,NA,NA
US,2017-01-01,-0.08877401557740529,-0.027980394232054718,NA,NA
US,2017-04-01,-0.06832127249333936,-0.025951075447736734,NA,NA
US,2017-07-01,-0.048233228072116316,-0.022726647250285736,NA,NA
US,2017-10-01,-0.028512012254313775,-0.013098824552425888,NA,NA
US,2018-01-01,-0.009137802734719713,0.0047483619662615105,NA,NA
US,2018-04-01,0.009923050019992111,0.02437801510986596,NA,NA
US,2018-07-01,0.028709854428554994,0.03581831755967764,NA,NA
US,2018-10-01,0.04725971836550774,0.03654638417066893,NA,NA
US,2019-01-01,0.06560032698487503,0.03599365111692402,NA,NA
US,2019-04-01,0.08374365059415166,0.0456530249395725,NA,NA
US,2019-07-01,0.10168082974253029,0.06320412831571127,NA,NA
US,2019-10-01,0.1193784308528843,0.06882344399581836,NA,NA
US,2020-01-01,0.1367762058399249,0.04157302802912841,NA,NA
US,2020-04-01,0.15378642554459826,-0.017870439719785483,NA,NA
US,2020-07-01,0.17029479189686633,-0.08139435002068911,NA,NA
US,2020-10-01,0.1861628699190559,-0.1129154621279778,NA,NA
US,2021-01-01,0.20123192034014498,-0.09647530373871432,NA,NA
US,2021-04-01,0.21532795888160322,-0.04736966530529059,NA,NA
US,2021-07-01,0.22826782112967978,0.0026228238831431635,NA,NA
US,2021-10-01,0.23986597395145096,0.03032415059279071,weak,NA
US,2022-01-01,0.2499417869049064,0.03374582659171595,NA,NA
US,2022-04-01,0.25832696089746643,0.02480586069560103,NA,NA
US,2022-07-01,0.26487280689633147,0.014369879510799462,NA,NA
US,2022-10-01,0.2694570747855294,0.0053551728768741515,NA,NA
US,2023-01-01,0.271990051066318,-0.0031108979926559818,NA,NA
US,2023-04-01,0.2724196731697883,-0.009694426170439766,NA,NA
US,2023-07-01,0.2707354464816793,-0.01110603751302334,NA,NA
US,2023-10-01,0.26697099623579107,-0.006733770291626694,NA,NA
US,2024-01-01,0.2612051384180421,-4.643429050817179e-4,NA,NA
US,2024-04-01,0.253561409748821,0.002907764723587182,NA,NA
US,2024-07-01,0.24420605456895397,0.00220673925389463,NA,NA
US,2024-10-01,0.2333445238960308,2.7356368853896645e-4,NA,NA
US,2025-01-01,0.22121659693281567,5.84695876755644e-4,NA,NA
US,2025-04-01,0.20809028590206868,0.0042916077445184645,NA,NA
US,2025-07-01,0.19425472944164035,0.010097877444404655,NA,regular
US,2025-10-01,NA,0.015634064817994557,NA,NA
US,2026-01-01,NA,0.018370554104008122,NA,NA
US,2026-04-01,NA,0.016257230598764088,NA,NA
